-- MySQL dump 10.14  Distrib 5.5.52-MariaDB, for Linux (x86_64)
--
-- Host: localhost    Database: psms
-- ------------------------------------------------------
-- Server version	5.5.52-MariaDB

/*!40101 SET @OLD_CHARACTER_SET_CLIENT=@@CHARACTER_SET_CLIENT */;
/*!40101 SET @OLD_CHARACTER_SET_RESULTS=@@CHARACTER_SET_RESULTS */;
/*!40101 SET @OLD_COLLATION_CONNECTION=@@COLLATION_CONNECTION */;
/*!40101 SET NAMES utf8 */;
/*!40103 SET @OLD_TIME_ZONE=@@TIME_ZONE */;
/*!40103 SET TIME_ZONE='+00:00' */;
/*!40014 SET @OLD_UNIQUE_CHECKS=@@UNIQUE_CHECKS, UNIQUE_CHECKS=0 */;
/*!40014 SET @OLD_FOREIGN_KEY_CHECKS=@@FOREIGN_KEY_CHECKS, FOREIGN_KEY_CHECKS=0 */;
/*!40101 SET @OLD_SQL_MODE=@@SQL_MODE, SQL_MODE='NO_AUTO_VALUE_ON_ZERO' */;
/*!40111 SET @OLD_SQL_NOTES=@@SQL_NOTES, SQL_NOTES=0 */;

--
-- Table structure for table `advertisers`
--

DROP TABLE IF EXISTS `advertisers`;
/*!40101 SET @saved_cs_client     = @@character_set_client */;
/*!40101 SET character_set_client = utf8 */;
CREATE TABLE `advertisers` (
  `id` int(11) NOT NULL AUTO_INCREMENT,
  `token` varchar(10000) DEFAULT NULL,
  `offer_id` int(11) DEFAULT NULL,
  `type` varchar(100) DEFAULT NULL,
  `facebook_keywords` text,
  `facebook_accountId` text,
  `createdTime` varchar(100) NOT NULL,
  `updateTime` varchar(100) NOT NULL,
  `adwords_notuac` text,
  `adwords_uac` text,
  `apple_appname` text,
  PRIMARY KEY (`id`),
  KEY `offer_id` (`offer_id`),
  KEY `type` (`type`),
  CONSTRAINT `advertisers_ibfk_1` FOREIGN KEY (`offer_id`) REFERENCES `offer` (`id`)
) ENGINE=InnoDB AUTO_INCREMENT=38 DEFAULT CHARSET=utf8;
/*!40101 SET character_set_client = @saved_cs_client */;

--
-- Dumping data for table `advertisers`
--

LOCK TABLES `advertisers` WRITE;
/*!40000 ALTER TABLE `advertisers` DISABLE KEYS */;
INSERT INTO `advertisers` VALUES (29,'EAAHgEYXO0BABABt1QAdnb4kDVpgDv0RcA873EqcNbHFeN8IZANMyXZAU736VKOj1JjSdOPk2WuZC7KwJZBBD76CUbA09tyWETQpOd5OCRSctIo6fuj7cMthZCH6pZA6PZAFmrMgGZChehXreDa3caIZBkBwkyakDAGA4exqgy2sI7JwZDZD',29,'facebook','solosystem_constellation3065_Android','1194643357300404','2017-03-03 11:21:31','2017-03-03 11:21:31',NULL,NULL,NULL),(30,'EAAHgEYXO0BABABt1QAdnb4kDVpgDv0RcA873EqcNbHFeN8IZANMyXZAU736VKOj1JjSdOPk2WuZC7KwJZBBD76CUbA09tyWETQpOd5OCRSctIo6fuj7cMthZCH6pZA6PZAFmrMgGZChehXreDa3caIZBkBwkyakDAGA4exqgy2sI7JwZDZD',32,'facebook','','754231224758705','2017-03-18 17:30:02','2017-03-18 17:30:02',NULL,NULL,NULL),(31,'EAAHgEYXO0BABABt1QAdnb4kDVpgDv0RcA873EqcNbHFeN8IZANMyXZAU736VKOj1JjSdOPk2WuZC7KwJZBBD76CUbA09tyWETQpOd5OCRSctIo6fuj7cMthZCH6pZA6PZAFmrMgGZChehXreDa3caIZBkBwkyakDAGA4exqgy2sI7JwZDZD',32,'facebook','solosystem_CartoonCamera_Android','754231224758705','2017-03-18 17:30:25','2017-03-18 17:30:25',NULL,NULL,NULL),(32,'EAAHgEYXO0BABABt1QAdnb4kDVpgDv0RcA873EqcNbHFeN8IZANMyXZAU736VKOj1JjSdOPk2WuZC7KwJZBBD76CUbA09tyWETQpOd5OCRSctIo6fuj7cMthZCH6pZA6PZAFmrMgGZChehXreDa3caIZBkBwkyakDAGA4exqgy2sI7JwZDZD',32,'facebook','','','2017-03-18 17:31:11','2017-03-18 17:31:11',NULL,NULL,NULL),(33,'',32,'adwords',NULL,NULL,'2017-03-18 17:31:22','2017-03-18 17:31:22','218-549-2733','',NULL),(34,'EAAHgEYXO0BABABt1QAdnb4kDVpgDv0RcA873EqcNbHFeN8IZANMyXZAU736VKOj1JjSdOPk2WuZC7KwJZBBD76CUbA09tyWETQpOd5OCRSctIo6fuj7cMthZCH6pZA6PZAFmrMgGZChehXreDa3caIZBkBwkyakDAGA4exqgy2sI7JwZDZD',32,'facebook','solosystem_Story_iOS','1240529729378433','2017-03-18 17:32:14','2017-03-18 17:32:14',NULL,NULL,NULL),(35,'EAAHgEYXO0BABABt1QAdnb4kDVpgDv0RcA873EqcNbHFeN8IZANMyXZAU736VKOj1JjSdOPk2WuZC7KwJZBBD76CUbA09tyWETQpOd5OCRSctIo6fuj7cMthZCH6pZA6PZAFmrMgGZChehXreDa3caIZBkBwkyakDAGA4exqgy2sI7JwZDZD',33,'facebook','solosystem_UseFulCamera_Android','643776675804161','2017-03-18 17:34:04','2017-03-18 17:34:04',NULL,NULL,NULL),(36,'',33,'adwords',NULL,NULL,'2017-03-18 17:35:42','2017-03-18 17:35:42','940-185-4298,707-854-2413,932-670-7990','',NULL),(37,'',33,'apple',NULL,NULL,'2017-03-18 17:36:47','2017-03-18 17:36:47',NULL,NULL,'Yummy Cookie');
/*!40000 ALTER TABLE `advertisers` ENABLE KEYS */;
UNLOCK TABLES;

--
-- Table structure for table `adwords`
--

DROP TABLE IF EXISTS `adwords`;
/*!40101 SET @saved_cs_client     = @@character_set_client */;
/*!40101 SET character_set_client = utf8 */;
CREATE TABLE `adwords` (
  `id` int(11) NOT NULL AUTO_INCREMENT,
  `offer_id` int(11) DEFAULT NULL,
  `account_id` varchar(100) NOT NULL,
  `is_UAC` int(11) DEFAULT NULL,
  `campaignId` int(11) NOT NULL,
  `campaignName` varchar(150) NOT NULL,
  `impressions` varchar(100) DEFAULT NULL,
  `clicks` int(11) DEFAULT NULL,
  `revenue` float DEFAULT NULL,
  `cost` float DEFAULT NULL,
  `profit` float DEFAULT NULL,
  `conversions` varchar(100) DEFAULT NULL,
  `cpc` varchar(100) DEFAULT NULL,
  `cvr` varchar(100) DEFAULT NULL,
  `cpi` varchar(100) DEFAULT NULL,
  `ctr` varchar(100) DEFAULT NULL,
  `date` varchar(100) DEFAULT NULL,
  `country` varchar(100) DEFAULT NULL,
  `optName` varchar(100) DEFAULT NULL,
  `rebate` float DEFAULT NULL,
  PRIMARY KEY (`id`),
  KEY `offer_id` (`offer_id`),
  CONSTRAINT `adwords_ibfk_1` FOREIGN KEY (`offer_id`) REFERENCES `offer` (`id`)
) ENGINE=InnoDB AUTO_INCREMENT=507 DEFAULT CHARSET=utf8;
/*!40101 SET character_set_client = @saved_cs_client */;

--
-- Dumping data for table `adwords`
--

LOCK TABLES `adwords` WRITE;
/*!40000 ALTER TABLE `adwords` DISABLE KEYS */;
/*!40000 ALTER TABLE `adwords` ENABLE KEYS */;
UNLOCK TABLES;

--
-- Table structure for table `adwordsGeo`
--

DROP TABLE IF EXISTS `adwordsGeo`;
/*!40101 SET @saved_cs_client     = @@character_set_client */;
/*!40101 SET character_set_client = utf8 */;
CREATE TABLE `adwordsGeo` (
  `id` int(11) NOT NULL AUTO_INCREMENT,
  `countryNumber` varchar(100) DEFAULT NULL,
  `countryName` varchar(100) DEFAULT NULL,
  PRIMARY KEY (`id`)
) ENGINE=InnoDB AUTO_INCREMENT=4873 DEFAULT CHARSET=utf8;
/*!40101 SET character_set_client = @saved_cs_client */;

--
-- Dumping data for table `adwordsGeo`
--

LOCK TABLES `adwordsGeo` WRITE;
/*!40000 ALTER TABLE `adwordsGeo` DISABLE KEYS */;
INSERT INTO `adwordsGeo` VALUES (1,'20874','PT'),(2,'21509','CO'),(3,'9070164','XK'),(4,'9070162','VI'),(5,'9070160','VI'),(6,'9070161','VI'),(7,'9069853','IQ'),(8,'9061337','PE'),(9,'21232','BR'),(10,'2316','GU'),(11,'2312','GP'),(12,'21101','TW'),(13,'21102','TW'),(14,'21105','TW'),(15,'21109','UA'),(16,'9047187','VN'),(17,'9047183','VN'),(18,'2268','GE'),(19,'2262','DJ'),(20,'2266','GA'),(21,'2442','LU'),(22,'20745','MY'),(23,'20746','MY'),(24,'20747','MY'),(25,'2446','MO'),(26,'20741','MY'),(27,'20742','MY'),(28,'20743','MY'),(29,'20748','MY'),(30,'20749','MY'),(31,'9069687','DZ'),(32,'20804','PE'),(33,'2040','AT'),(34,'2048','BH'),(35,'21291','ID'),(36,'21290','CO'),(37,'21293','VE'),(38,'21292','UA'),(39,'21297','AR'),(40,'21299','AR'),(41,'21298','AR'),(42,'2104','MM'),(43,'2638','RE'),(44,'9069599','PR'),(45,'9069598','PR'),(46,'2834','TZ'),(47,'9069591','PR'),(48,'9069590','PR'),(49,'2688','RS'),(50,'2634','QA'),(51,'2686','SN'),(52,'2682','SA'),(53,'9070378','JM'),(54,'20418','HU'),(55,'20419','HU'),(56,'20415','HU'),(57,'20416','HU'),(58,'20417','HU'),(59,'20410','HR'),(60,'20411','HR'),(61,'20412','HR'),(62,'20413','HR'),(63,'9062293','LT'),(64,'9069662','EE'),(65,'9069661','EE'),(66,'9069660','EE'),(67,'21251','RU'),(68,'20792','NZ'),(69,'2860','UZ'),(70,'2862','VE'),(71,'9062295','LT'),(72,'9062294','LT'),(73,'9062299','LT'),(74,'9062298','LT'),(75,'20252','DK'),(76,'20652','JP'),(77,'20256','DK'),(78,'20254','DK'),(79,'20653','JP'),(80,'20799','PE'),(81,'9062587','SK'),(82,'9062586','SK'),(83,'9062585','SK'),(84,'9062584','SK'),(85,'9062583','SK'),(86,'9062582','SK'),(87,'9062581','SK'),(88,'9062580','SK'),(89,'9070379','JM'),(90,'9069912','MD'),(91,'9070375','JM'),(92,'2036','AU'),(93,'9065353','MM'),(94,'9065352','MM'),(95,'9065351','MM'),(96,'9065350','MM'),(97,'9065356','MM'),(98,'9065355','MM'),(99,'9065354','MM'),(100,'9070113','MZ'),(101,'9070289','KZ'),(102,'9070288','KZ'),(103,'9070283','IE'),(104,'9070287','KZ'),(105,'9070286','KZ'),(106,'9070026','ZW'),(107,'9070024','ZW'),(108,'9070021','ZW'),(109,'9070029','ZW'),(110,'2308','GD'),(111,'2300','GR'),(112,'2304','GL'),(113,'21112','UA'),(114,'21113','UA'),(115,'21110','UA'),(116,'21111','UA'),(117,'21116','UA'),(118,'21117','UA'),(119,'21114','UA'),(120,'21115','UA'),(121,'9061584','GR'),(122,'21119','UA'),(123,'9061583','GR'),(124,'9061580','GR'),(125,'2276','DE'),(126,'2270','GM'),(127,'20887','RO'),(128,'2458','MY'),(129,'20737','MY'),(130,'20880','PT'),(131,'20739','MY'),(132,'2454','MW'),(133,'2450','MG'),(134,'20889','RO'),(135,'20888','RO'),(136,'9069698','DZ'),(137,'9069690','DZ'),(138,'2051','AM'),(139,'2050','BD'),(140,'2052','BB'),(141,'2056','BE'),(142,'9047186','VN'),(143,'21287','TR'),(144,'21288','EC'),(145,'20089','BR'),(146,'20088','BR'),(147,'20087','BR'),(148,'20086','BR'),(149,'9069586','PR'),(150,'20649','JP'),(151,'9069583','PR'),(152,'9069580','PR'),(153,'9069581','PR'),(154,'20645','JP'),(155,'20644','JP'),(156,'20647','JP'),(157,'20646','JP'),(158,'20641','JP'),(159,'20640','JP'),(160,'20643','JP'),(161,'20642','JP'),(162,'2694','SL'),(163,'20469','IN'),(164,'20468','IN'),(165,'20461','IN'),(166,'20460','IN'),(167,'20463','IN'),(168,'20462','IN'),(169,'20465','IN'),(170,'20464','IN'),(171,'20467','IN'),(172,'20466','IN'),(173,'20970','RU'),(174,'20265','EC'),(175,'20264','EC'),(176,'20263','EC'),(177,'20262','EC'),(178,'20260','EC'),(179,'20269','ES'),(180,'9047096','AE'),(181,'20893','RO'),(182,'9069738','KE'),(183,'21492','HR'),(184,'9069900','SV'),(185,'9070366','IS'),(186,'9070367','GH'),(187,'20798','PE'),(188,'9065341','MM'),(189,'9065345','MM'),(190,'9065348','MM'),(191,'9065349','MM'),(192,'9040862','FR'),(193,'20744','MY'),(194,'20897','RO'),(195,'2440','LT'),(196,'9070298','CR'),(197,'9070299','CR'),(198,'2768','TG'),(199,'9070290','KZ'),(200,'20740','MY'),(201,'9070292','KZ'),(202,'9070294','CR'),(203,'9070295','CR'),(204,'9070296','CR'),(205,'9070297','CR'),(206,'20629','JP'),(207,'20628','JP'),(208,'20626','JP'),(209,'20624','JP'),(210,'9070030','ME'),(211,'9070032','ME'),(212,'21129','UA'),(213,'21128','UA'),(214,'21127','UA'),(215,'21126','UA'),(216,'21125','UA'),(217,'21124','UA'),(218,'21123','UA'),(219,'21122','UA'),(220,'21121','UA'),(221,'2191','HR'),(222,'2196','CY'),(223,'2203','CZ'),(224,'2204','BJ'),(225,'2208','DK'),(226,'20890','RO'),(227,'20891','RO'),(228,'20892','RO'),(229,'9047097','AE'),(230,'20894','RO'),(231,'20895','RO'),(232,'20896','RO'),(233,'20725','MX'),(234,'20898','RO'),(235,'20899','RO'),(236,'21381','TR'),(237,'21380','TR'),(238,'21387','ES'),(239,'9047099','AE'),(240,'21385','RU'),(241,'21384','TR'),(242,'2516','NA'),(243,'2512','OM'),(244,'20098','BR'),(245,'20099','BR'),(246,'2732','EH'),(247,'20090','BR'),(248,'20091','BR'),(249,'20092','BR'),(250,'20093','BR'),(251,'20094','BR'),(252,'20095','BR'),(253,'20096','BR'),(254,'20097','BR'),(255,'21255','PT'),(256,'21257','TR'),(257,'21256','RU'),(258,'9062297','LT'),(259,'21250','RU'),(260,'20658','JP'),(261,'21252','RU'),(262,'20656','JP'),(263,'20657','JP'),(264,'20654','JP'),(265,'20655','JP'),(266,'21259','RO'),(267,'21258','RO'),(268,'20650','JP'),(269,'20651','JP'),(270,'9040321','TW'),(271,'20479','IE'),(272,'20472','IN'),(273,'20470','IN'),(274,'20471','IN'),(275,'20476','IE'),(276,'20477','IE'),(277,'20475','IE'),(278,'9069640','PR'),(279,'9069644','PR'),(280,'9069649','PR'),(281,'9069648','PR'),(282,'2434','LY'),(283,'2616','PL'),(284,'2840','US'),(285,'20274','ES'),(286,'20275','ES'),(287,'20276','ES'),(288,'20277','ES'),(289,'20278','ES'),(290,'20279','ES'),(291,'20079','BA'),(292,'20483','IE'),(293,'20482','IE'),(294,'20953','RU'),(295,'9040344','VN'),(296,'20487','IE'),(297,'20954','RU'),(298,'20484','IE'),(299,'21440','HR'),(300,'21441','HR'),(301,'21442','HR'),(302,'21443','HR'),(303,'21332','KR'),(304,'21445','HR'),(305,'9070359','BD'),(306,'9070358','BD'),(307,'21330','KR'),(308,'21331','KR'),(309,'21365','TR'),(310,'9070354','LB'),(311,'9070357','BD'),(312,'9070356','BD'),(313,'20133','CH'),(314,'20132','CH'),(315,'21364','TR'),(316,'9040859','FR'),(317,'9069801','GT'),(318,'21366','TR'),(319,'9070006','NI'),(320,'9070009','NI'),(321,'9070134','HT'),(322,'21138','US'),(323,'21139','US'),(324,'21130','UA'),(325,'21132','US'),(326,'21133','US'),(327,'21135','US'),(328,'21136','US'),(329,'21137','US'),(330,'2180','CD'),(331,'2188','CR'),(332,'2212','DM'),(333,'2214','DO'),(334,'2218','EC'),(335,'2438','LI'),(336,'20869','PT'),(337,'20868','PT'),(338,'20719','MX'),(339,'20718','MX'),(340,'20865','PT'),(341,'20716','MX'),(342,'20715','MX'),(343,'20714','MX'),(344,'20713','MX'),(345,'20712','MX'),(346,'20711','MX'),(347,'20862','PL'),(348,'2508','MZ'),(349,'2504','MA'),(350,'2724','ES'),(351,'21246','RO'),(352,'21247','RO'),(353,'20669','JP'),(354,'20668','JP'),(355,'21243','RU'),(356,'9040329','VN'),(357,'20663','JP'),(358,'9040326','VN'),(359,'20661','JP'),(360,'20660','JP'),(361,'20667','JP'),(362,'20666','JP'),(363,'20665','JP'),(364,'20664','JP'),(365,'20915','RU'),(366,'20446','ID'),(367,'20917','RU'),(368,'20916','RU'),(369,'20443','ID'),(370,'20442','ID'),(371,'20441','ID'),(372,'20440','ID'),(373,'20919','RU'),(374,'20918','RU'),(375,'20449','ID'),(376,'20448','ID'),(377,'9069658','EE'),(378,'9069659','EE'),(379,'9069656','EE'),(380,'9069650','PR'),(381,'9069651','PR'),(382,'2858','UY'),(383,'2850','VI'),(384,'2854','BF'),(385,'20289','ES'),(386,'20285','ES'),(387,'20284','ES'),(388,'20286','ES'),(389,'20281','ES'),(390,'20280','ES'),(391,'20283','ES'),(392,'20282','ES'),(393,'20043','AT'),(394,'20042','AT'),(395,'20041','AU'),(396,'20040','AU'),(397,'20047','AT'),(398,'20046','AT'),(399,'20045','AT'),(400,'9040140','BG'),(401,'20049','AT'),(402,'20048','AT'),(403,'2096','BN'),(404,'9040101','BG'),(405,'2090','SB'),(406,'21537','MA'),(407,'21087','TR'),(408,'9040106','BG'),(409,'9040105','BG'),(410,'21162','US'),(411,'2528','NL'),(412,'9069813','IS'),(413,'9069814','IS'),(414,'9069815','IS'),(415,'9070016','NP'),(416,'9070013','NI'),(417,'20948','RU'),(418,'21347','RU'),(419,'20169','CN'),(420,'2222','SV'),(421,'20161','CL'),(422,'9061642','IN'),(423,'20708','MX'),(424,'20709','MX'),(425,'20878','PT'),(426,'20879','PT'),(427,'20700','MX'),(428,'20701','MX'),(429,'20702','MX'),(430,'20703','MX'),(431,'20704','MX'),(432,'20705','MX'),(433,'20706','MX'),(434,'20871','PT'),(435,'21097','TW'),(436,'21096','TW'),(437,'21094','TR'),(438,'21093','TR'),(439,'21092','TR'),(440,'21091','TR'),(441,'21090','TR'),(442,'21348','RU'),(443,'21099','TW'),(444,'21098','TW'),(445,'2084','BZ'),(446,'2710','ZA'),(447,'20670','JP'),(448,'21271','KM'),(449,'21277','RU'),(450,'21276','RO'),(451,'21275','RO'),(452,'21274','HR'),(453,'9040336','VN'),(454,'9040337','VN'),(455,'9040330','VN'),(456,'9040331','VN'),(457,'2156','CN'),(458,'9040307','TW'),(459,'2152','CL'),(460,'2158','TW'),(461,'20906','RO'),(462,'20451','ID'),(463,'20904','RO'),(464,'20453','IN'),(465,'20454','IN'),(466,'20455','IN'),(467,'20456','IN'),(468,'20901','RO'),(469,'20458','IN'),(470,'20459','IN'),(471,'20908','RO'),(472,'20909','RO'),(473,'21479','EG'),(474,'21478','EG'),(475,'21470','EG'),(476,'21473','EG'),(477,'21472','EG'),(478,'21475','EG'),(479,'21474','EG'),(480,'21477','EG'),(481,'21476','EG'),(482,'9069629','PR'),(483,'9069628','PR'),(484,'9069621','PR'),(485,'9069620','PR'),(486,'20290','ES'),(487,'21505','CZ'),(488,'21504','CZ'),(489,'21507','CO'),(490,'21506','CO'),(491,'21501','CZ'),(492,'21500','CZ'),(493,'21503','CZ'),(494,'21502','CZ'),(495,'20050','AT'),(496,'21508','CO'),(497,'20052','BE'),(498,'9069537','HK'),(499,'9069536','HK'),(500,'9069535','HK'),(501,'9069534','TW'),(502,'9069532','IE'),(503,'9069531','IE'),(504,'9069530','IE'),(505,'9069539','GR'),(506,'9069538','GR'),(507,'2792','TR'),(508,'2882','WS'),(509,'9040832','FR'),(510,'9040830','FR'),(511,'2887','YE'),(512,'9070249','BF'),(513,'9070247','BF'),(514,'9070245','TC'),(515,'21580','UA'),(516,'20699','MX'),(517,'2231','ET'),(518,'2233','EE'),(519,'2232','ER'),(520,'2234','FO'),(521,'20849','PL'),(522,'20848','PL'),(523,'20847','PL'),(524,'21080','TR'),(525,'21081','TR'),(526,'21082','TR'),(527,'21083','TR'),(528,'21084','TR'),(529,'21085','TR'),(530,'21086','TR'),(531,'2092','VG'),(532,'21088','TR'),(533,'21089','TR'),(534,'2524','NP'),(535,'9053439','IT'),(536,'9053438','IT'),(537,'9053437','IT'),(538,'9053436','IT'),(539,'9053435','IT'),(540,'9053434','IT'),(541,'9053433','IT'),(542,'9053432','IT'),(543,'9053431','IT'),(544,'9053430','IT'),(545,'2660','AI'),(546,'2705','SI'),(547,'2704','VN'),(548,'2706','SO'),(549,'2703','SK'),(550,'2702','SG'),(551,'21268','IN'),(552,'21264','RO'),(553,'21260','RO'),(554,'21261','RO'),(555,'21262','RO'),(556,'21263','RO'),(557,'20985','RU'),(558,'9069709','DZ'),(559,'2410','KR'),(560,'2144','LK'),(561,'2414','KW'),(562,'2417','KG'),(563,'2418','LA'),(564,'2148','TD'),(565,'20933','RU'),(566,'20932','RU'),(567,'20931','RU'),(568,'20930','RU'),(569,'20937','RU'),(570,'20936','RU'),(571,'20935','RU'),(572,'20934','RU'),(573,'20939','RU'),(574,'20938','RU'),(575,'20119','CA'),(576,'20118','CA'),(577,'20115','CA'),(578,'20114','CA'),(579,'20117','CA'),(580,'20116','CA'),(581,'20113','CA'),(582,'21468','EG'),(583,'21469','EG'),(584,'21462','EG'),(585,'21463','EG'),(586,'21460','EG'),(587,'21461','EG'),(588,'21466','EG'),(589,'21467','EG'),(590,'21464','EG'),(591,'21465','EG'),(592,'9069630','PR'),(593,'9069632','PR'),(594,'9069634','PR'),(595,'9069635','PR'),(596,'9069637','PR'),(597,'21517','CO'),(598,'21514','CO'),(599,'21512','CO'),(600,'21513','CO'),(601,'21510','CO'),(602,'21511','CO'),(603,'20021','AR'),(604,'20020','AR'),(605,'20023','AR'),(606,'20022','AR'),(607,'20025','AR'),(608,'20024','AR'),(609,'21518','CO'),(610,'21519','CO'),(611,'9069524','BE'),(612,'9069525','FR'),(613,'20343','GB'),(614,'9069522','FR'),(615,'9069523','BE'),(616,'9069529','IE'),(617,'20332','FR'),(618,'20339','GB'),(619,'20717','MX'),(620,'20867','PT'),(621,'20866','PT'),(622,'20028','AR'),(623,'20861','PL'),(624,'20860','PL'),(625,'20710','MX'),(626,'9040823','FR'),(627,'9040824','FR'),(628,'2894','ZM'),(629,'9069830','BH'),(630,'9069836','GH'),(631,'9069837','GH'),(632,'9070256','GL'),(633,'20027','AR'),(634,'20026','AR'),(635,'9070322','KE'),(636,'21143','US'),(637,'9070327','KE'),(638,'9070071','SN'),(639,'21244','RO'),(640,'20227','DE'),(641,'21245','RO'),(642,'9040833','FR'),(643,'21079','TR'),(644,'21078','TR'),(645,'21075','TR'),(646,'21074','TR'),(647,'21077','TR'),(648,'21076','TR'),(649,'21071','TR'),(650,'21070','TR'),(651,'21073','TR'),(652,'21072','TR'),(653,'9053428','IT'),(654,'9053429','IT'),(655,'9053424','IT'),(656,'9053425','IT'),(657,'9053426','IT'),(658,'9053427','IT'),(659,'9053423','IT'),(660,'20148','CH'),(661,'2392','JP'),(662,'2398','KZ'),(663,'9040314','TW'),(664,'2776','TO'),(665,'21219','ZA'),(666,'21218','ZA'),(667,'21215','ZA'),(668,'21214','ZA'),(669,'21217','ZA'),(670,'21216','ZA'),(671,'21189','VE'),(672,'21188','VE'),(673,'21180','US'),(674,'21183','US'),(675,'21182','US'),(676,'21184','US'),(677,'20854','PL'),(678,'20855','PL'),(679,'2170','CO'),(680,'20857','PL'),(681,'20850','PL'),(682,'20851','PL'),(683,'20852','PL'),(684,'20853','PL'),(685,'20858','PL'),(686,'20859','PL'),(687,'2604','PE'),(688,'20149','CH'),(689,'20928','RU'),(690,'20929','RU'),(691,'20924','RU'),(692,'20925','RU'),(693,'20926','RU'),(694,'20927','RU'),(695,'20920','RU'),(696,'20921','RU'),(697,'20922','RU'),(698,'21325','KR'),(699,'21324','KR'),(700,'21455','SA'),(701,'21454','SA'),(702,'21453','SA'),(703,'21320','KR'),(704,'21451','SA'),(705,'21450','SA'),(706,'20106','BR'),(707,'20104','BR'),(708,'20105','BR'),(709,'21329','KR'),(710,'20103','BR'),(711,'21459','EG'),(712,'20101','BR'),(713,'21369','TR'),(714,'21368','TR'),(715,'9069609','PR'),(716,'20782','NO'),(717,'21498','CZ'),(718,'20231','DE'),(719,'21493','HR'),(720,'21360','TR'),(721,'21521','CO'),(722,'20039','AU'),(723,'21527','MA'),(724,'21526','MA'),(725,'21525','MA'),(726,'21524','MA'),(727,'9040323','VN'),(728,'21528','MA'),(729,'20036','AU'),(730,'20037','AU'),(731,'20034','AU'),(732,'20035','AU'),(733,'21248','TR'),(734,'21249','TR'),(735,'20326','FR'),(736,'20321','FR'),(737,'20437','ID'),(738,'20329','FR'),(739,'2583','FM'),(740,'9070268','SZ'),(741,'9070263','TG'),(742,'9070267','SZ'),(743,'20720','MX'),(744,'9070318','KE'),(745,'20447','ID'),(746,'20914','RU'),(747,'20445','ID'),(748,'20444','ID'),(749,'20911','RO'),(750,'20910','RO'),(751,'20913','RO'),(752,'20912','RO'),(753,'9070440','KG'),(754,'9070443','KG'),(755,'9070449','RW'),(756,'9040133','BG'),(757,'21565','NG'),(758,'9070044','ZM'),(759,'9040131','BG'),(760,'9070042','ZM'),(761,'9070049','AM'),(762,'9040137','BG'),(763,'9040134','BG'),(764,'21068','TR'),(765,'21069','TR'),(766,'21066','TR'),(767,'21067','TR'),(768,'21064','TR'),(769,'21065','TR'),(770,'21062','TR'),(771,'21063','TR'),(772,'21060','TR'),(773,'21061','TR'),(774,'2540','NC'),(775,'2548','VU'),(776,'2380','IT'),(777,'2384','CI'),(778,'2388','JM'),(779,'2428','LV'),(780,'21118','UA'),(781,'9040362','VN'),(782,'9040360','VN'),(783,'9040365','VN'),(784,'9040364','VN'),(785,'20627','JP'),(786,'2762','TJ'),(787,'20625','JP'),(788,'9040368','VN'),(789,'2764','TH'),(790,'9069725','DZ'),(791,'9069722','DZ'),(792,'9069723','DZ'),(793,'9069720','DZ'),(794,'21202','VE'),(795,'21203','VE'),(796,'21200','VE'),(797,'21201','VE'),(798,'21206','VE'),(799,'21204','VE'),(800,'21205','VE'),(801,'21198','VE'),(802,'21199','VE'),(803,'21192','VE'),(804,'21193','VE'),(805,'21190','VE'),(806,'21191','VE'),(807,'21196','VE'),(808,'21197','VE'),(809,'21194','VE'),(810,'21195','VE'),(811,'20959','RU'),(812,'20958','RU'),(813,'20489','IE'),(814,'20488','IE'),(815,'9070394','GP'),(816,'20951','RU'),(817,'20950','RU'),(818,'20481','IE'),(819,'20952','RU'),(820,'20955','RU'),(821,'20486','IE'),(822,'20957','RU'),(823,'20956','RU'),(824,'21336','IN'),(825,'21337','IN'),(826,'21334','IN'),(827,'21335','IN'),(828,'21444','HR'),(829,'21333','KR'),(830,'21446','HR'),(831,'21447','HR'),(832,'21448','SA'),(833,'21449','SA'),(834,'20131','CH'),(835,'20130','CH'),(836,'20137','CH'),(837,'20136','CH'),(838,'20135','CH'),(839,'20134','CH'),(840,'9047158','TH'),(841,'20963','RU'),(842,'20964','RU'),(843,'20965','RU'),(844,'20966','RU'),(845,'20009','AR'),(846,'20008','AR'),(847,'9040109','BG'),(848,'9040108','BG'),(849,'21538','MA'),(850,'21539','MY'),(851,'21534','MA'),(852,'21535','MA'),(853,'21536','MA'),(854,'9040100','BG'),(855,'21530','MA'),(856,'21531','MA'),(857,'21532','MA'),(858,'21533','MA'),(859,'20317','FR'),(860,'20316','FR'),(861,'20319','FR'),(862,'20318','FR'),(863,'9040370','VN'),(864,'21234','RU'),(865,'20882','PT'),(866,'20881','PT'),(867,'9040377','VN'),(868,'9070308','KE'),(869,'20738','MY'),(870,'9070306','DZ'),(871,'9070307','CY'),(872,'9040146','BG'),(873,'20634','JP'),(874,'9040145','BG'),(875,'9040142','BG'),(876,'20044','AT'),(877,'9070272','TJ'),(878,'9070454','NE'),(879,'9070451','YE'),(880,'9061359','PK'),(881,'9061358','PK'),(882,'9061357','PK'),(883,'9061356','PK'),(884,'9061355','PH'),(885,'9061354','PH'),(886,'9061353','PH'),(887,'9061352','PH'),(888,'9061351','PH'),(889,'9061350','PH'),(890,'9070058','AM'),(891,'2288','GH'),(892,'21059','TR'),(893,'21058','TR'),(894,'21053','TR'),(895,'21052','TR'),(896,'21057','TR'),(897,'21056','TR'),(898,'21055','TR'),(899,'21054','TR'),(900,'9047104','CL'),(901,'9047105','CL'),(902,'9047102','CL'),(903,'9047103','CL'),(904,'2578','NO'),(905,'9047101','BG'),(906,'9047108','RO'),(907,'9047109','RU'),(908,'2376','IL'),(909,'2372','IE'),(910,'20638','JP'),(911,'20639','JP'),(912,'9040372','VN'),(913,'9040373','VN'),(914,'9040374','VN'),(915,'2591','PA'),(916,'9040376','VN'),(917,'21230','BR'),(918,'20630','JP'),(919,'9040379','TW'),(920,'20632','JP'),(921,'20633','JP'),(922,'2598','PG'),(923,'20635','JP'),(924,'20636','JP'),(925,'20637','JP'),(926,'9069751','PA'),(927,'9069750','PA'),(928,'20835','PH'),(929,'2112','BY'),(930,'2116','KH'),(931,'20124','CA'),(932,'20125','CA'),(933,'2620','PT'),(934,'20949','RU'),(935,'20120','CA'),(936,'20121','CA'),(937,'20122','CA'),(938,'20123','CA'),(939,'20942','RU'),(940,'20943','RU'),(941,'20940','RU'),(942,'20941','RU'),(943,'20128','CH'),(944,'20129','CH'),(945,'20944','RU'),(946,'20945','RU'),(947,'21303','NZ'),(948,'21302','NZ'),(949,'21301','RO'),(950,'21300','TW'),(951,'21307','NZ'),(952,'21306','NZ'),(953,'21305','NZ'),(954,'21304','NZ'),(955,'21309','NZ'),(956,'21308','NZ'),(957,'2756','CH'),(958,'2752','SE'),(959,'2028','AG'),(960,'20126','CH'),(961,'20010','AR'),(962,'20011','AR'),(963,'20012','AR'),(964,'20127','CH'),(965,'20014','AR'),(966,'20015','AR'),(967,'20016','AR'),(968,'20017','AR'),(969,'20018','AR'),(970,'20019','AR'),(971,'9040118','BG'),(972,'21548','NG'),(973,'21541','NG'),(974,'21540','NG'),(975,'21543','NG'),(976,'21542','NG'),(977,'9040114','BG'),(978,'21544','NG'),(979,'21547','NG'),(980,'21546','NG'),(981,'20494','IE'),(982,'20495','IE'),(983,'20496','IE'),(984,'9069578','BY'),(985,'20490','IE'),(986,'20491','IE'),(987,'20492','IE'),(988,'9069573','KZ'),(989,'9069572','KZ'),(990,'9069571','KZ'),(991,'9069577','BY'),(992,'9069576','BY'),(993,'9069575','BY'),(994,'9069574','BY'),(995,'20946','RU'),(996,'20947','RU'),(997,'1012166','SI'),(998,'9062321','LV'),(999,'9062320','LV'),(1000,'20648','JP'),(1001,'9069589','PR'),(1002,'9040901','FR'),(1003,'9069998','MU'),(1004,'2024','AO'),(1005,'9070201','LA'),(1006,'9070429','NA'),(1007,'9070421','ME'),(1008,'9070420','ME'),(1009,'9070424','SN'),(1010,'9061348','PH'),(1011,'9061349','PH'),(1012,'9061344','PH'),(1013,'9061345','PH'),(1014,'9061346','PH'),(1015,'9061347','PH'),(1016,'9061340','PH'),(1017,'9061341','PH'),(1018,'9061342','PH'),(1019,'9061343','PH'),(1020,'21044','TH'),(1021,'21045','TH'),(1022,'21046','TH'),(1023,'21047','TH'),(1024,'21040','TH'),(1025,'21041','TH'),(1026,'21042','TH'),(1027,'21043','TH'),(1028,'2292','GI'),(1029,'21388','ES'),(1030,'9047173','VN'),(1031,'9047170','VN'),(1032,'9047175','VN'),(1033,'9047179','VN'),(1034,'2562','NE'),(1035,'2566','NG'),(1036,'2368','IQ'),(1037,'2360','ID'),(1038,'21220','ZA'),(1039,'2586','PK'),(1040,'21222','ZA'),(1041,'9040349','VN'),(1042,'21226','BR'),(1043,'2580','MP'),(1044,'9040345','VN'),(1045,'21229','BR'),(1046,'9040347','VN'),(1047,'9040340','VN'),(1048,'9040342','VN'),(1049,'9069740','PA'),(1050,'9069741','PA'),(1051,'9069743','PA'),(1052,'9069744','PA'),(1053,'9069749','PA'),(1054,'20013','AR'),(1055,'20808','PE'),(1056,'20807','PE'),(1057,'20806','PE'),(1058,'20805','PE'),(1059,'2100','BG'),(1060,'20802','PE'),(1061,'20801','PE'),(1062,'20800','PE'),(1063,'20151','CH'),(1064,'20150','CH'),(1065,'20153','CL'),(1066,'20152','CL'),(1067,'20155','CL'),(1068,'20154','CL'),(1069,'20157','CL'),(1070,'20156','CL'),(1071,'20159','CL'),(1072,'20158','CL'),(1073,'2630','PR'),(1074,'20797','PE'),(1075,'20796','PE'),(1076,'21318','KR'),(1077,'21319','KR'),(1078,'20791','NZ'),(1079,'21314','NZ'),(1080,'21315','NZ'),(1081,'21316','IE'),(1082,'21310','NZ'),(1083,'21311','NZ'),(1084,'21312','NZ'),(1085,'21313','NZ'),(1086,'9040299','TW'),(1087,'2740','SR'),(1088,'9068565','FR'),(1089,'2032','AR'),(1090,'2031','AZ'),(1091,'2748','SZ'),(1092,'21549','NG'),(1093,'9040119','BG'),(1094,'9040125','BG'),(1095,'9040127','BG'),(1096,'9040121','BG'),(1097,'9040123','BG'),(1098,'9040122','BG'),(1099,'21558','NG'),(1100,'21559','NG'),(1101,'21552','NG'),(1102,'21553','NG'),(1103,'21550','NG'),(1104,'21551','NG'),(1105,'21556','NG'),(1106,'21557','NG'),(1107,'21554','NG'),(1108,'21555','NG'),(1109,'20977','RU'),(1110,'20976','RU'),(1111,'20975','RU'),(1112,'20974','RU'),(1113,'20972','RU'),(1114,'20971','RU'),(1115,'9040111','BG'),(1116,'20979','RU'),(1117,'20978','RU'),(1118,'21545','NG'),(1119,'9040115','BG'),(1120,'9040116','BG'),(1121,'9061565','EE'),(1122,'9069579','BY'),(1123,'20497','IE'),(1124,'2554','NZ'),(1125,'20205','CO'),(1126,'20204','CO'),(1127,'20207','CO'),(1128,'20206','CO'),(1129,'20201','CO'),(1130,'20200','CO'),(1131,'20203','CO'),(1132,'20202','CO'),(1133,'20209','CO'),(1134,'20208','CO'),(1135,'2558','NI'),(1136,'20139','CH'),(1137,'9069985','UG'),(1138,'20138','CH'),(1139,'9069962','PY'),(1140,'9041083','AE'),(1141,'9041082','AE'),(1142,'9040324','VN'),(1143,'9070431','AO'),(1144,'9070436','BN'),(1145,'2470','MT'),(1146,'21031','TH'),(1147,'21030','TH'),(1148,'21033','TH'),(1149,'21032','TH'),(1150,'21035','TH'),(1151,'21034','TH'),(1152,'21037','TH'),(1153,'21036','TH'),(1154,'21039','TH'),(1155,'21038','TH'),(1156,'9040318','TW'),(1157,'9047168','VN'),(1158,'2352','IS'),(1159,'2356','IN'),(1160,'9040359','VN'),(1161,'9040353','VN'),(1162,'9040351','VN'),(1163,'9040356','VN'),(1164,'9040354','VN'),(1165,'9040355','VN'),(1166,'21149','US'),(1167,'21148','US'),(1168,'21145','US'),(1169,'21144','US'),(1170,'21147','US'),(1171,'21146','US'),(1172,'21141','US'),(1173,'21140','US'),(1174,'9069773','DO'),(1175,'21142','US'),(1176,'2136','KY'),(1177,'2132','CV'),(1178,'20812','PE'),(1179,'20813','PE'),(1180,'20814','PE'),(1181,'20815','PE'),(1182,'20816','PE'),(1183,'20142','CH'),(1184,'20143','CH'),(1185,'20140','CH'),(1186,'20141','CH'),(1187,'20146','CH'),(1188,'20147','CH'),(1189,'20144','CH'),(1190,'20145','CH'),(1191,'2642','RO'),(1192,'2643','RU'),(1193,'2646','RW'),(1194,'20780','NO'),(1195,'20781','NO'),(1196,'21499','CZ'),(1197,'20783','NO'),(1198,'20784','NO'),(1199,'20785','NO'),(1200,'20786','NO'),(1201,'20787','NO'),(1202,'20788','NO'),(1203,'20789','NO'),(1204,'21363','TR'),(1205,'21362','TR'),(1206,'21497','CZ'),(1207,'21496','CZ'),(1208,'21495','CZ'),(1209,'21494','CZ'),(1210,'9056636','ID'),(1211,'9056637','ID'),(1212,'9056638','ID'),(1213,'9056639','ID'),(1214,'2004','AF'),(1215,'2008','AL'),(1216,'21567','NG'),(1217,'21566','NG'),(1218,'9040130','BG'),(1219,'21564','NG'),(1220,'21563','NG'),(1221,'21562','NG'),(1222,'21561','NG'),(1223,'21560','NG'),(1224,'9040139','BG'),(1225,'21569','NG'),(1226,'21568','NG'),(1227,'20856','PL'),(1228,'20960','RU'),(1229,'20961','RU'),(1230,'20962','RU'),(1231,'9069794','BD'),(1232,'9069793','BD'),(1233,'9069792','BD'),(1234,'9069791','LK'),(1235,'20967','RU'),(1236,'20968','RU'),(1237,'20969','RU'),(1238,'2174','KM'),(1239,'9062301','LT'),(1240,'9062300','LT'),(1241,'2600','PY'),(1242,'2826','GB'),(1243,'20216','CY'),(1244,'20217','CY'),(1245,'20215','CY'),(1246,'20210','CO'),(1247,'20211','CO'),(1248,'20218','CZ'),(1249,'20219','CZ'),(1250,'20662','JP'),(1251,'2608','PH'),(1252,'21457','SA'),(1253,'21456','SA'),(1254,'21327','KR'),(1255,'21326','KR'),(1256,'21321','KR'),(1257,'21452','SA'),(1258,'21323','KR'),(1259,'21322','KR'),(1260,'20102','BR'),(1261,'21328','KR'),(1262,'20100','BR'),(1263,'21458','EG'),(1264,'9061360','PK'),(1265,'9070080','NA'),(1266,'21020','SE'),(1267,'21026','TH'),(1268,'21027','TH'),(1269,'21025','TH'),(1270,'21028','TH'),(1271,'21029','TH'),(1272,'2344','HK'),(1273,'9061562','EE'),(1274,'9061563','EE'),(1275,'9061564','EE'),(1276,'2340','HN'),(1277,'9061566','EE'),(1278,'9061567','EE'),(1279,'9061568','EE'),(1280,'2348','HU'),(1281,'21158','US'),(1282,'21159','US'),(1283,'21156','US'),(1284,'9069763','DO'),(1285,'21154','US'),(1286,'21155','US'),(1287,'21152','US'),(1288,'21153','US'),(1289,'21150','US'),(1290,'21151','US'),(1291,'2120','CM'),(1292,'2124','CA'),(1293,'21484','EG'),(1294,'21485','EG'),(1295,'2659','KN'),(1296,'21487','TH'),(1297,'21480','EG'),(1298,'21481','EG'),(1299,'21482','EG'),(1300,'20178','CN'),(1301,'20177','CN'),(1302,'20176','CN'),(1303,'20175','CN'),(1304,'20174','CN'),(1305,'21488','TH'),(1306,'20172','CN'),(1307,'20171','CN'),(1308,'20170','CN'),(1309,'21378','TR'),(1310,'21379','TR'),(1311,'20779','NO'),(1312,'20778','NO'),(1313,'20775','NO'),(1314,'20774','NO'),(1315,'21370','TR'),(1316,'21371','TR'),(1317,'20771','NO'),(1318,'20770','NL'),(1319,'20773','NO'),(1320,'21375','TR'),(1321,'9056643','ID'),(1322,'9056642','ID'),(1323,'9056641','ID'),(1324,'9056640','ID'),(1325,'9056647','ID'),(1326,'9056646','ID'),(1327,'9056645','ID'),(1328,'9056648','ID'),(1329,'2016','AS'),(1330,'2012','DZ'),(1331,'20519','IL'),(1332,'20518','IL'),(1333,'21572','NG'),(1334,'21573','NG'),(1335,'21574','NG'),(1336,'21575','NG'),(1337,'21576','NG'),(1338,'21577','TR'),(1339,'21578','TR'),(1340,'21579','TR'),(1341,'20515','IL'),(1342,'20514','IL'),(1343,'20517','IL'),(1344,'20516','IL'),(1345,'9069542','QA'),(1346,'9040380','TW'),(1347,'9069540','LT'),(1348,'9069548','KW'),(1349,'9069784','LK'),(1350,'9069785','LK'),(1351,'9069786','LK'),(1352,'9069787','LK'),(1353,'9069783','LK'),(1354,'9069788','LK'),(1355,'9069789','LK'),(1356,'2900','XK'),(1357,'20425','HU'),(1358,'20424','HU'),(1359,'20427','HU'),(1360,'20426','HU'),(1361,'20421','HU'),(1362,'20420','HU'),(1363,'20422','HU'),(1364,'20429','HU'),(1365,'20428','HU'),(1366,'20191','CN'),(1367,'20190','CN'),(1368,'20193','CN'),(1369,'20192','CN'),(1370,'20199','CO'),(1371,'20198','CO'),(1372,'20876','PT'),(1373,'9062318','LV'),(1374,'9062319','LV'),(1375,'9062316','LV'),(1376,'9062317','LV'),(1377,'9062314','LV'),(1378,'9062315','LV'),(1379,'9062312','LV'),(1380,'9062313','LV'),(1381,'20875','PT'),(1382,'2430','LR'),(1383,'20872','PT'),(1384,'20038','AU'),(1385,'20873','PT'),(1386,'20870','PT'),(1387,'20707','MX'),(1388,'20659','JP'),(1389,'20226','DE'),(1390,'20229','DE'),(1391,'20228','DE'),(1392,'21157','US'),(1393,'21361','TR'),(1394,'20340','GB'),(1395,'9069891','TZ'),(1396,'9069896','SV'),(1397,'9069897','SV'),(1398,'9069899','SV'),(1399,'9070230','BJ'),(1400,'9070145','LY'),(1401,'20342','GB'),(1402,'20723','MX'),(1403,'21019','SE'),(1404,'21018','SE'),(1405,'21017','SE'),(1406,'21016','SE'),(1407,'21015','SE'),(1408,'21014','SE'),(1409,'21013','SE'),(1410,'21012','SE'),(1411,'21011','SE'),(1412,'21010','SE'),(1413,'9053442','IT'),(1414,'9053440','IT'),(1415,'9053441','IT'),(1416,'2332','HT'),(1417,'9047147','TH'),(1418,'21486','TH'),(1419,'21169','US'),(1420,'21168','US'),(1421,'21163','US'),(1422,'2716','ZW'),(1423,'21161','US'),(1424,'21160','US'),(1425,'21167','US'),(1426,'21166','US'),(1427,'21165','US'),(1428,'21164','US'),(1429,'20179','CN'),(1430,'2484','MX'),(1431,'21483','EG'),(1432,'2480','MU'),(1433,'2246','FI'),(1434,'2242','FJ'),(1435,'20168','CN'),(1436,'21346','RU'),(1437,'2466','ML'),(1438,'21342','IN'),(1439,'21341','IN'),(1440,'20160','CL'),(1441,'20173','CN'),(1442,'20162','CL'),(1443,'20163','CN'),(1444,'20164','CN'),(1445,'20165','CN'),(1446,'20166','CN'),(1447,'20167','CN'),(1448,'20768','NL'),(1449,'20769','NL'),(1450,'20766','NL'),(1451,'20767','NL'),(1452,'20764','NL'),(1453,'20765','NL'),(1454,'20762','NL'),(1455,'20763','NL'),(1456,'20760','NL'),(1457,'20761','NL'),(1458,'9056651','ID'),(1459,'2068','BO'),(1460,'2060','BM'),(1461,'9040338','VN'),(1462,'2796','TC'),(1463,'2795','TM'),(1464,'21372','TR'),(1465,'21373','TR'),(1466,'21581','UA'),(1467,'20777','NO'),(1468,'21582','UA'),(1469,'20698','MX'),(1470,'20776','NO'),(1471,'9062296','LT'),(1472,'21376','TR'),(1473,'20696','MX'),(1474,'20697','MX'),(1475,'20694','MX'),(1476,'21377','TR'),(1477,'21374','TR'),(1478,'20988','SA'),(1479,'20989','SA'),(1480,'20987','SA'),(1481,'20984','RU'),(1482,'20772','NO'),(1483,'20982','RU'),(1484,'20983','RU'),(1485,'20980','RU'),(1486,'20981','RU'),(1487,'20436','ID'),(1488,'20341','GB'),(1489,'20434','HU'),(1490,'20435','HU'),(1491,'20432','HU'),(1492,'20433','HU'),(1493,'20430','HU'),(1494,'20431','HU'),(1495,'20631','JP'),(1496,'20438','ID'),(1497,'20439','ID'),(1498,'20186','CN'),(1499,'20187','CN'),(1500,'20184','CN'),(1501,'20185','CN'),(1502,'20182','CN'),(1503,'20183','CN'),(1504,'20180','CN'),(1505,'20181','CN'),(1506,'20188','CN'),(1507,'20189','CN'),(1508,'2800','UG'),(1509,'2807','MK'),(1510,'2804','UA'),(1511,'20238','DE'),(1512,'20239','DE'),(1513,'20234','DE'),(1514,'20235','DE'),(1515,'20236','DE'),(1516,'20237','DE'),(1517,'20230','DE'),(1518,'2404','KE'),(1519,'20232','DE'),(1520,'20233','DE'),(1521,'9062565','SI'),(1522,'9062564','SI'),(1523,'9062566','SI'),(1524,'9062561','SI'),(1525,'9062560','SI'),(1526,'9062563','SI'),(1527,'9062562','SI'),(1528,'9062569','SI'),(1529,'9062568','SI'),(1530,'2400','JO'),(1531,'20450','ID'),(1532,'20907','RO'),(1533,'9070398','KH'),(1534,'20905','RO'),(1535,'20902','RO'),(1536,'9069935','GP'),(1537,'20903','RO'),(1538,'20900','RO'),(1539,'20457','IN'),(1540,'9070176','MG'),(1541,'9070179','MG'),(1542,'9070178','MG'),(1543,'9069842','GE'),(1544,'9069841','GE'),(1545,'21570','NG'),(1546,'21571','NG'),(1547,'21008','SE'),(1548,'21009','SE'),(1549,'21000','SE'),(1550,'21001','SE'),(1551,'21002','SE'),(1552,'21003','SE'),(1553,'21004','SE'),(1554,'21005','SE'),(1555,'21006','SE'),(1556,'21007','SE'),(1557,'21228','BR'),(1558,'2320','GT'),(1559,'2324','GN'),(1560,'2328','GY'),(1561,'21174','US'),(1562,'21175','US'),(1563,'21176','US'),(1564,'21177','US'),(1565,'21170','US'),(1566,'21171','US'),(1567,'21172','US'),(1568,'21173','US'),(1569,'9047198','IE'),(1570,'21178','US'),(1571,'21179','US'),(1572,'2499','ME'),(1573,'2498','MD'),(1574,'2496','MN'),(1575,'2258','PF'),(1576,'2254','GF'),(1577,'2250','FR'),(1578,'21351','RU'),(1579,'2474','MQ'),(1580,'21354','TR'),(1581,'21355','TR'),(1582,'21356','TR'),(1583,'21357','TR'),(1584,'21358','TR'),(1585,'21359','TR'),(1586,'2478','MR'),(1587,'20759','NL'),(1588,'20751','MY'),(1589,'20750','MY'),(1590,'2784','AE'),(1591,'2788','TN'),(1592,'2072','BW'),(1593,'2070','BA'),(1594,'2076','BR'),(1595,'2670','VC'),(1596,'2678','ST'),(1597,'20407','HR'),(1598,'20409','HR'),(1599,'20408','HR'),(1600,'2818','EG'),(1601,'9068898','FR'),(1602,'9068897','FR'),(1603,'9068896','FR'),(1604,'9068895','FR'),(1605,'20241','DE'),(1606,'20240','DE'),(1607,'20243','DK'),(1608,'20245','DK'),(1609,'20722','MX'),(1610,'21221','ZA'),(1611,'2585','PW'),(1612,'20721','MX'),(1613,'20726','MX'),(1614,'20724','MX'),(1615,'21227','BR'),(1616,'21383','TR'),(1617,'21382','TR'),(1618,'2422','LB'),(1619,'9070385','TZ'),(1620,'9047098','AE'),(1621,'21386','ES'),(1622,'2426','LS'),(1623,'9069925','MD'),(1624,'20877','PT'),(1625,'20874','PT'),(1626,'21509','CO'),(1627,'9070164','XK'),(1628,'9070162','VI'),(1629,'9070160','VI'),(1630,'9070161','VI'),(1631,'9069853','IQ'),(1632,'9061337','PE'),(1633,'21232','BR'),(1634,'2316','GU'),(1635,'2312','GP'),(1636,'21101','TW'),(1637,'21102','TW'),(1638,'21105','TW'),(1639,'21109','UA'),(1640,'9047187','VN'),(1641,'9047183','VN'),(1642,'2268','GE'),(1643,'2262','DJ'),(1644,'2266','GA'),(1645,'2442','LU'),(1646,'20745','MY'),(1647,'20746','MY'),(1648,'20747','MY'),(1649,'2446','MO'),(1650,'20741','MY'),(1651,'20742','MY'),(1652,'20743','MY'),(1653,'20748','MY'),(1654,'20749','MY'),(1655,'9069687','DZ'),(1656,'20804','PE'),(1657,'2040','AT'),(1658,'2048','BH'),(1659,'21291','ID'),(1660,'21290','CO'),(1661,'21293','VE'),(1662,'21292','UA'),(1663,'21297','AR'),(1664,'21299','AR'),(1665,'21298','AR'),(1666,'2104','MM'),(1667,'2638','RE'),(1668,'9069599','PR'),(1669,'9069598','PR'),(1670,'2834','TZ'),(1671,'9069591','PR'),(1672,'9069590','PR'),(1673,'2688','RS'),(1674,'2634','QA'),(1675,'2686','SN'),(1676,'2682','SA'),(1677,'9070378','JM'),(1678,'20418','HU'),(1679,'20419','HU'),(1680,'20415','HU'),(1681,'20416','HU'),(1682,'20417','HU'),(1683,'20410','HR'),(1684,'20411','HR'),(1685,'20412','HR'),(1686,'20413','HR'),(1687,'9062293','LT'),(1688,'9069662','EE'),(1689,'9069661','EE'),(1690,'9069660','EE'),(1691,'21251','RU'),(1692,'20792','NZ'),(1693,'2860','UZ'),(1694,'2862','VE'),(1695,'9062295','LT'),(1696,'9062294','LT'),(1697,'9062299','LT'),(1698,'9062298','LT'),(1699,'20252','DK'),(1700,'20652','JP'),(1701,'20256','DK'),(1702,'20254','DK'),(1703,'20653','JP'),(1704,'20799','PE'),(1705,'9062587','SK'),(1706,'9062586','SK'),(1707,'9062585','SK'),(1708,'9062584','SK'),(1709,'9062583','SK'),(1710,'9062582','SK'),(1711,'9062581','SK'),(1712,'9062580','SK'),(1713,'9070379','JM'),(1714,'9069912','MD'),(1715,'9070375','JM'),(1716,'2036','AU'),(1717,'9065353','MM'),(1718,'9065352','MM'),(1719,'9065351','MM'),(1720,'9065350','MM'),(1721,'9065356','MM'),(1722,'9065355','MM'),(1723,'9065354','MM'),(1724,'9070113','MZ'),(1725,'9070289','KZ'),(1726,'9070288','KZ'),(1727,'9070283','IE'),(1728,'9070287','KZ'),(1729,'9070286','KZ'),(1730,'9070026','ZW'),(1731,'9070024','ZW'),(1732,'9070021','ZW'),(1733,'9070029','ZW'),(1734,'2308','GD'),(1735,'2300','GR'),(1736,'2304','GL'),(1737,'21112','UA'),(1738,'21113','UA'),(1739,'21110','UA'),(1740,'21111','UA'),(1741,'21116','UA'),(1742,'21117','UA'),(1743,'21114','UA'),(1744,'21115','UA'),(1745,'9061584','GR'),(1746,'21119','UA'),(1747,'9061583','GR'),(1748,'9061580','GR'),(1749,'2276','DE'),(1750,'2270','GM'),(1751,'20887','RO'),(1752,'2458','MY'),(1753,'20737','MY'),(1754,'20880','PT'),(1755,'20739','MY'),(1756,'2454','MW'),(1757,'2450','MG'),(1758,'20889','RO'),(1759,'20888','RO'),(1760,'9069698','DZ'),(1761,'9069690','DZ'),(1762,'2051','AM'),(1763,'2050','BD'),(1764,'2052','BB'),(1765,'2056','BE'),(1766,'9047186','VN'),(1767,'21287','TR'),(1768,'21288','EC'),(1769,'20089','BR'),(1770,'20088','BR'),(1771,'20087','BR'),(1772,'20086','BR'),(1773,'9069586','PR'),(1774,'20649','JP'),(1775,'9069583','PR'),(1776,'9069580','PR'),(1777,'9069581','PR'),(1778,'20645','JP'),(1779,'20644','JP'),(1780,'20647','JP'),(1781,'20646','JP'),(1782,'20641','JP'),(1783,'20640','JP'),(1784,'20643','JP'),(1785,'20642','JP'),(1786,'2694','SL'),(1787,'20469','IN'),(1788,'20468','IN'),(1789,'20461','IN'),(1790,'20460','IN'),(1791,'20463','IN'),(1792,'20462','IN'),(1793,'20465','IN'),(1794,'20464','IN'),(1795,'20467','IN'),(1796,'20466','IN'),(1797,'20970','RU'),(1798,'20265','EC'),(1799,'20264','EC'),(1800,'20263','EC'),(1801,'20262','EC'),(1802,'20260','EC'),(1803,'20269','ES'),(1804,'9047096','AE'),(1805,'20893','RO'),(1806,'9069738','KE'),(1807,'21492','HR'),(1808,'9069900','SV'),(1809,'9070366','IS'),(1810,'9070367','GH'),(1811,'20798','PE'),(1812,'9065341','MM'),(1813,'9065345','MM'),(1814,'9065348','MM'),(1815,'9065349','MM'),(1816,'9040862','FR'),(1817,'20744','MY'),(1818,'20897','RO'),(1819,'2440','LT'),(1820,'9070298','CR'),(1821,'9070299','CR'),(1822,'2768','TG'),(1823,'9070290','KZ'),(1824,'20740','MY'),(1825,'9070292','KZ'),(1826,'9070294','CR'),(1827,'9070295','CR'),(1828,'9070296','CR'),(1829,'9070297','CR'),(1830,'20629','JP'),(1831,'20628','JP'),(1832,'20626','JP'),(1833,'20624','JP'),(1834,'9070030','ME'),(1835,'9070032','ME'),(1836,'21129','UA'),(1837,'21128','UA'),(1838,'21127','UA'),(1839,'21126','UA'),(1840,'21125','UA'),(1841,'21124','UA'),(1842,'21123','UA'),(1843,'21122','UA'),(1844,'21121','UA'),(1845,'2191','HR'),(1846,'2196','CY'),(1847,'2203','CZ'),(1848,'2204','BJ'),(1849,'2208','DK'),(1850,'20890','RO'),(1851,'20891','RO'),(1852,'20892','RO'),(1853,'9047097','AE'),(1854,'20894','RO'),(1855,'20895','RO'),(1856,'20896','RO'),(1857,'20725','MX'),(1858,'20898','RO'),(1859,'20899','RO'),(1860,'21381','TR'),(1861,'21380','TR'),(1862,'21387','ES'),(1863,'9047099','AE'),(1864,'21385','RU'),(1865,'21384','TR'),(1866,'2516','NA'),(1867,'2512','OM'),(1868,'20098','BR'),(1869,'20099','BR'),(1870,'2732','EH'),(1871,'20090','BR'),(1872,'20091','BR'),(1873,'20092','BR'),(1874,'20093','BR'),(1875,'20094','BR'),(1876,'20095','BR'),(1877,'20096','BR'),(1878,'20097','BR'),(1879,'21255','PT'),(1880,'21257','TR'),(1881,'21256','RU'),(1882,'9062297','LT'),(1883,'21250','RU'),(1884,'20658','JP'),(1885,'21252','RU'),(1886,'20656','JP'),(1887,'20657','JP'),(1888,'20654','JP'),(1889,'20655','JP'),(1890,'21259','RO'),(1891,'21258','RO'),(1892,'20650','JP'),(1893,'20651','JP'),(1894,'9040321','TW'),(1895,'20479','IE'),(1896,'20472','IN'),(1897,'20470','IN'),(1898,'20471','IN'),(1899,'20476','IE'),(1900,'20477','IE'),(1901,'20475','IE'),(1902,'9069640','PR'),(1903,'9069644','PR'),(1904,'9069649','PR'),(1905,'9069648','PR'),(1906,'2434','LY'),(1907,'2616','PL'),(1908,'2840','US'),(1909,'20274','ES'),(1910,'20275','ES'),(1911,'20276','ES'),(1912,'20277','ES'),(1913,'20278','ES'),(1914,'20279','ES'),(1915,'20079','BA'),(1916,'20483','IE'),(1917,'20482','IE'),(1918,'20953','RU'),(1919,'9040344','VN'),(1920,'20487','IE'),(1921,'20954','RU'),(1922,'20484','IE'),(1923,'21440','HR'),(1924,'21441','HR'),(1925,'21442','HR'),(1926,'21443','HR'),(1927,'21332','KR'),(1928,'21445','HR'),(1929,'9070359','BD'),(1930,'9070358','BD'),(1931,'21330','KR'),(1932,'21331','KR'),(1933,'21365','TR'),(1934,'9070354','LB'),(1935,'9070357','BD'),(1936,'9070356','BD'),(1937,'20133','CH'),(1938,'20132','CH'),(1939,'21364','TR'),(1940,'9040859','FR'),(1941,'9069801','GT'),(1942,'21366','TR'),(1943,'9070006','NI'),(1944,'9070009','NI'),(1945,'9070134','HT'),(1946,'21138','US'),(1947,'21139','US'),(1948,'21130','UA'),(1949,'21132','US'),(1950,'21133','US'),(1951,'21135','US'),(1952,'21136','US'),(1953,'21137','US'),(1954,'2180','CD'),(1955,'2188','CR'),(1956,'2212','DM'),(1957,'2214','DO'),(1958,'2218','EC'),(1959,'2438','LI'),(1960,'20869','PT'),(1961,'20868','PT'),(1962,'20719','MX'),(1963,'20718','MX'),(1964,'20865','PT'),(1965,'20716','MX'),(1966,'20715','MX'),(1967,'20714','MX'),(1968,'20713','MX'),(1969,'20712','MX'),(1970,'20711','MX'),(1971,'20862','PL'),(1972,'2508','MZ'),(1973,'2504','MA'),(1974,'2724','ES'),(1975,'21246','RO'),(1976,'21247','RO'),(1977,'20669','JP'),(1978,'20668','JP'),(1979,'21243','RU'),(1980,'9040329','VN'),(1981,'20663','JP'),(1982,'9040326','VN'),(1983,'20661','JP'),(1984,'20660','JP'),(1985,'20667','JP'),(1986,'20666','JP'),(1987,'20665','JP'),(1988,'20664','JP'),(1989,'20915','RU'),(1990,'20446','ID'),(1991,'20917','RU'),(1992,'20916','RU'),(1993,'20443','ID'),(1994,'20442','ID'),(1995,'20441','ID'),(1996,'20440','ID'),(1997,'20919','RU'),(1998,'20918','RU'),(1999,'20449','ID'),(2000,'20448','ID'),(2001,'9069658','EE'),(2002,'9069659','EE'),(2003,'9069656','EE'),(2004,'9069650','PR'),(2005,'9069651','PR'),(2006,'2858','UY'),(2007,'2850','VI'),(2008,'2854','BF'),(2009,'20289','ES'),(2010,'20285','ES'),(2011,'20284','ES'),(2012,'20286','ES'),(2013,'20281','ES'),(2014,'20280','ES'),(2015,'20283','ES'),(2016,'20282','ES'),(2017,'20043','AT'),(2018,'20042','AT'),(2019,'20041','AU'),(2020,'20040','AU'),(2021,'20047','AT'),(2022,'20046','AT'),(2023,'20045','AT'),(2024,'9040140','BG'),(2025,'20049','AT'),(2026,'20048','AT'),(2027,'2096','BN'),(2028,'9040101','BG'),(2029,'2090','SB'),(2030,'21537','MA'),(2031,'21087','TR'),(2032,'9040106','BG'),(2033,'9040105','BG'),(2034,'21162','US'),(2035,'2528','NL'),(2036,'9069813','IS'),(2037,'9069814','IS'),(2038,'9069815','IS'),(2039,'9070016','NP'),(2040,'9070013','NI'),(2041,'20948','RU'),(2042,'21347','RU'),(2043,'20169','CN'),(2044,'2222','SV'),(2045,'20161','CL'),(2046,'9061642','IN'),(2047,'20708','MX'),(2048,'20709','MX'),(2049,'20878','PT'),(2050,'20879','PT'),(2051,'20700','MX'),(2052,'20701','MX'),(2053,'20702','MX'),(2054,'20703','MX'),(2055,'20704','MX'),(2056,'20705','MX'),(2057,'20706','MX'),(2058,'20871','PT'),(2059,'21097','TW'),(2060,'21096','TW'),(2061,'21094','TR'),(2062,'21093','TR'),(2063,'21092','TR'),(2064,'21091','TR'),(2065,'21090','TR'),(2066,'21348','RU'),(2067,'21099','TW'),(2068,'21098','TW'),(2069,'2084','BZ'),(2070,'2710','ZA'),(2071,'20670','JP'),(2072,'21271','KM'),(2073,'21277','RU'),(2074,'21276','RO'),(2075,'21275','RO'),(2076,'21274','HR'),(2077,'9040336','VN'),(2078,'9040337','VN'),(2079,'9040330','VN'),(2080,'9040331','VN'),(2081,'2156','CN'),(2082,'9040307','TW'),(2083,'2152','CL'),(2084,'2158','TW'),(2085,'20906','RO'),(2086,'20451','ID'),(2087,'20904','RO'),(2088,'20453','IN'),(2089,'20454','IN'),(2090,'20455','IN'),(2091,'20456','IN'),(2092,'20901','RO'),(2093,'20458','IN'),(2094,'20459','IN'),(2095,'20908','RO'),(2096,'20909','RO'),(2097,'21479','EG'),(2098,'21478','EG'),(2099,'21470','EG'),(2100,'21473','EG'),(2101,'21472','EG'),(2102,'21475','EG'),(2103,'21474','EG'),(2104,'21477','EG'),(2105,'21476','EG'),(2106,'9069629','PR'),(2107,'9069628','PR'),(2108,'9069621','PR'),(2109,'9069620','PR'),(2110,'20290','ES'),(2111,'21505','CZ'),(2112,'21504','CZ'),(2113,'21507','CO'),(2114,'21506','CO'),(2115,'21501','CZ'),(2116,'21500','CZ'),(2117,'21503','CZ'),(2118,'21502','CZ'),(2119,'20050','AT'),(2120,'21508','CO'),(2121,'20052','BE'),(2122,'9069537','HK'),(2123,'9069536','HK'),(2124,'9069535','HK'),(2125,'9069534','TW'),(2126,'9069532','IE'),(2127,'9069531','IE'),(2128,'9069530','IE'),(2129,'9069539','GR'),(2130,'9069538','GR'),(2131,'2792','TR'),(2132,'2882','WS'),(2133,'9040832','FR'),(2134,'9040830','FR'),(2135,'2887','YE'),(2136,'9070249','BF'),(2137,'9070247','BF'),(2138,'9070245','TC'),(2139,'21580','UA'),(2140,'20699','MX'),(2141,'2231','ET'),(2142,'2233','EE'),(2143,'2232','ER'),(2144,'2234','FO'),(2145,'20849','PL'),(2146,'20848','PL'),(2147,'20847','PL'),(2148,'21080','TR'),(2149,'21081','TR'),(2150,'21082','TR'),(2151,'21083','TR'),(2152,'21084','TR'),(2153,'21085','TR'),(2154,'21086','TR'),(2155,'2092','VG'),(2156,'21088','TR'),(2157,'21089','TR'),(2158,'2524','NP'),(2159,'9053439','IT'),(2160,'9053438','IT'),(2161,'9053437','IT'),(2162,'9053436','IT'),(2163,'9053435','IT'),(2164,'9053434','IT'),(2165,'9053433','IT'),(2166,'9053432','IT'),(2167,'9053431','IT'),(2168,'9053430','IT'),(2169,'2660','AI'),(2170,'2705','SI'),(2171,'2704','VN'),(2172,'2706','SO'),(2173,'2703','SK'),(2174,'2702','SG'),(2175,'21268','IN'),(2176,'21264','RO'),(2177,'21260','RO'),(2178,'21261','RO'),(2179,'21262','RO'),(2180,'21263','RO'),(2181,'20985','RU'),(2182,'9069709','DZ'),(2183,'2410','KR'),(2184,'2144','LK'),(2185,'2414','KW'),(2186,'2417','KG'),(2187,'2418','LA'),(2188,'2148','TD'),(2189,'20933','RU'),(2190,'20932','RU'),(2191,'20931','RU'),(2192,'20930','RU'),(2193,'20937','RU'),(2194,'20936','RU'),(2195,'20935','RU'),(2196,'20934','RU'),(2197,'20939','RU'),(2198,'20938','RU'),(2199,'20119','CA'),(2200,'20118','CA'),(2201,'20115','CA'),(2202,'20114','CA'),(2203,'20117','CA'),(2204,'20116','CA'),(2205,'20113','CA'),(2206,'21468','EG'),(2207,'21469','EG'),(2208,'21462','EG'),(2209,'21463','EG'),(2210,'21460','EG'),(2211,'21461','EG'),(2212,'21466','EG'),(2213,'21467','EG'),(2214,'21464','EG'),(2215,'21465','EG'),(2216,'9069630','PR'),(2217,'9069632','PR'),(2218,'9069634','PR'),(2219,'9069635','PR'),(2220,'9069637','PR'),(2221,'21517','CO'),(2222,'21514','CO'),(2223,'21512','CO'),(2224,'21513','CO'),(2225,'21510','CO'),(2226,'21511','CO'),(2227,'20021','AR'),(2228,'20020','AR'),(2229,'20023','AR'),(2230,'20022','AR'),(2231,'20025','AR'),(2232,'20024','AR'),(2233,'21518','CO'),(2234,'21519','CO'),(2235,'9069524','BE'),(2236,'9069525','FR'),(2237,'20343','GB'),(2238,'9069522','FR'),(2239,'9069523','BE'),(2240,'9069529','IE'),(2241,'20332','FR'),(2242,'20339','GB'),(2243,'20717','MX'),(2244,'20867','PT'),(2245,'20866','PT'),(2246,'20028','AR'),(2247,'20861','PL'),(2248,'20860','PL'),(2249,'20710','MX'),(2250,'9040823','FR'),(2251,'9040824','FR'),(2252,'2894','ZM'),(2253,'9069830','BH'),(2254,'9069836','GH'),(2255,'9069837','GH'),(2256,'9070256','GL'),(2257,'20027','AR'),(2258,'20026','AR'),(2259,'9070322','KE'),(2260,'21143','US'),(2261,'9070327','KE'),(2262,'9070071','SN'),(2263,'21244','RO'),(2264,'20227','DE'),(2265,'21245','RO'),(2266,'9040833','FR'),(2267,'21079','TR'),(2268,'21078','TR'),(2269,'21075','TR'),(2270,'21074','TR'),(2271,'21077','TR'),(2272,'21076','TR'),(2273,'21071','TR'),(2274,'21070','TR'),(2275,'21073','TR'),(2276,'21072','TR'),(2277,'9053428','IT'),(2278,'9053429','IT'),(2279,'9053424','IT'),(2280,'9053425','IT'),(2281,'9053426','IT'),(2282,'9053427','IT'),(2283,'9053423','IT'),(2284,'20148','CH'),(2285,'2392','JP'),(2286,'2398','KZ'),(2287,'9040314','TW'),(2288,'2776','TO'),(2289,'21219','ZA'),(2290,'21218','ZA'),(2291,'21215','ZA'),(2292,'21214','ZA'),(2293,'21217','ZA'),(2294,'21216','ZA'),(2295,'21189','VE'),(2296,'21188','VE'),(2297,'21180','US'),(2298,'21183','US'),(2299,'21182','US'),(2300,'21184','US'),(2301,'20854','PL'),(2302,'20855','PL'),(2303,'2170','CO'),(2304,'20857','PL'),(2305,'20850','PL'),(2306,'20851','PL'),(2307,'20852','PL'),(2308,'20853','PL'),(2309,'20858','PL'),(2310,'20859','PL'),(2311,'2604','PE'),(2312,'20149','CH'),(2313,'20928','RU'),(2314,'20929','RU'),(2315,'20924','RU'),(2316,'20925','RU'),(2317,'20926','RU'),(2318,'20927','RU'),(2319,'20920','RU'),(2320,'20921','RU'),(2321,'20922','RU'),(2322,'21325','KR'),(2323,'21324','KR'),(2324,'21455','SA'),(2325,'21454','SA'),(2326,'21453','SA'),(2327,'21320','KR'),(2328,'21451','SA'),(2329,'21450','SA'),(2330,'20106','BR'),(2331,'20104','BR'),(2332,'20105','BR'),(2333,'21329','KR'),(2334,'20103','BR'),(2335,'21459','EG'),(2336,'20101','BR'),(2337,'21369','TR'),(2338,'21368','TR'),(2339,'9069609','PR'),(2340,'20782','NO'),(2341,'21498','CZ'),(2342,'20231','DE'),(2343,'21493','HR'),(2344,'21360','TR'),(2345,'21521','CO'),(2346,'20039','AU'),(2347,'21527','MA'),(2348,'21526','MA'),(2349,'21525','MA'),(2350,'21524','MA'),(2351,'9040323','VN'),(2352,'21528','MA'),(2353,'20036','AU'),(2354,'20037','AU'),(2355,'20034','AU'),(2356,'20035','AU'),(2357,'21248','TR'),(2358,'21249','TR'),(2359,'20326','FR'),(2360,'20321','FR'),(2361,'20437','ID'),(2362,'20329','FR'),(2363,'2583','FM'),(2364,'9070268','SZ'),(2365,'9070263','TG'),(2366,'9070267','SZ'),(2367,'20720','MX'),(2368,'9070318','KE'),(2369,'20447','ID'),(2370,'20914','RU'),(2371,'20445','ID'),(2372,'20444','ID'),(2373,'20911','RO'),(2374,'20910','RO'),(2375,'20913','RO'),(2376,'20912','RO'),(2377,'9070440','KG'),(2378,'9070443','KG'),(2379,'9070449','RW'),(2380,'9040133','BG'),(2381,'21565','NG'),(2382,'9070044','ZM'),(2383,'9040131','BG'),(2384,'9070042','ZM'),(2385,'9070049','AM'),(2386,'9040137','BG'),(2387,'9040134','BG'),(2388,'21068','TR'),(2389,'21069','TR'),(2390,'21066','TR'),(2391,'21067','TR'),(2392,'21064','TR'),(2393,'21065','TR'),(2394,'21062','TR'),(2395,'21063','TR'),(2396,'21060','TR'),(2397,'21061','TR'),(2398,'2540','NC'),(2399,'2548','VU'),(2400,'2380','IT'),(2401,'2384','CI'),(2402,'2388','JM'),(2403,'2428','LV'),(2404,'21118','UA'),(2405,'9040362','VN'),(2406,'9040360','VN'),(2407,'9040365','VN'),(2408,'9040364','VN'),(2409,'20627','JP'),(2410,'2762','TJ'),(2411,'20625','JP'),(2412,'9040368','VN'),(2413,'2764','TH'),(2414,'9069725','DZ'),(2415,'9069722','DZ'),(2416,'9069723','DZ'),(2417,'9069720','DZ'),(2418,'21202','VE'),(2419,'21203','VE'),(2420,'21200','VE'),(2421,'21201','VE'),(2422,'21206','VE'),(2423,'21204','VE'),(2424,'21205','VE'),(2425,'21198','VE'),(2426,'21199','VE'),(2427,'21192','VE'),(2428,'21193','VE'),(2429,'21190','VE'),(2430,'21191','VE'),(2431,'21196','VE'),(2432,'21197','VE'),(2433,'21194','VE'),(2434,'21195','VE'),(2435,'20959','RU'),(2436,'20958','RU'),(2437,'20489','IE'),(2438,'20488','IE'),(2439,'9070394','GP'),(2440,'20951','RU'),(2441,'20950','RU'),(2442,'20481','IE'),(2443,'20952','RU'),(2444,'20955','RU'),(2445,'20486','IE'),(2446,'20957','RU'),(2447,'20956','RU'),(2448,'21336','IN'),(2449,'21337','IN'),(2450,'21334','IN'),(2451,'21335','IN'),(2452,'21444','HR'),(2453,'21333','KR'),(2454,'21446','HR'),(2455,'21447','HR'),(2456,'21448','SA'),(2457,'21449','SA'),(2458,'20131','CH'),(2459,'20130','CH'),(2460,'20137','CH'),(2461,'20136','CH'),(2462,'20135','CH'),(2463,'20134','CH'),(2464,'9047158','TH'),(2465,'20963','RU'),(2466,'20964','RU'),(2467,'20965','RU'),(2468,'20966','RU'),(2469,'20009','AR'),(2470,'20008','AR'),(2471,'9040109','BG'),(2472,'9040108','BG'),(2473,'21538','MA'),(2474,'21539','MY'),(2475,'21534','MA'),(2476,'21535','MA'),(2477,'21536','MA'),(2478,'9040100','BG'),(2479,'21530','MA'),(2480,'21531','MA'),(2481,'21532','MA'),(2482,'21533','MA'),(2483,'20317','FR'),(2484,'20316','FR'),(2485,'20319','FR'),(2486,'20318','FR'),(2487,'9040370','VN'),(2488,'21234','RU'),(2489,'20882','PT'),(2490,'20881','PT'),(2491,'9040377','VN'),(2492,'9070308','KE'),(2493,'20738','MY'),(2494,'9070306','DZ'),(2495,'9070307','CY'),(2496,'9040146','BG'),(2497,'20634','JP'),(2498,'9040145','BG'),(2499,'9040142','BG'),(2500,'20044','AT'),(2501,'9070272','TJ'),(2502,'9070454','NE'),(2503,'9070451','YE'),(2504,'9061359','PK'),(2505,'9061358','PK'),(2506,'9061357','PK'),(2507,'9061356','PK'),(2508,'9061355','PH'),(2509,'9061354','PH'),(2510,'9061353','PH'),(2511,'9061352','PH'),(2512,'9061351','PH'),(2513,'9061350','PH'),(2514,'9070058','AM'),(2515,'2288','GH'),(2516,'21059','TR'),(2517,'21058','TR'),(2518,'21053','TR'),(2519,'21052','TR'),(2520,'21057','TR'),(2521,'21056','TR'),(2522,'21055','TR'),(2523,'21054','TR'),(2524,'9047104','CL'),(2525,'9047105','CL'),(2526,'9047102','CL'),(2527,'9047103','CL'),(2528,'2578','NO'),(2529,'9047101','BG'),(2530,'9047108','RO'),(2531,'9047109','RU'),(2532,'2376','IL'),(2533,'2372','IE'),(2534,'20638','JP'),(2535,'20639','JP'),(2536,'9040372','VN'),(2537,'9040373','VN'),(2538,'9040374','VN'),(2539,'2591','PA'),(2540,'9040376','VN'),(2541,'21230','BR'),(2542,'20630','JP'),(2543,'9040379','TW'),(2544,'20632','JP'),(2545,'20633','JP'),(2546,'2598','PG'),(2547,'20635','JP'),(2548,'20636','JP'),(2549,'20637','JP'),(2550,'9069751','PA'),(2551,'9069750','PA'),(2552,'20835','PH'),(2553,'2112','BY'),(2554,'2116','KH'),(2555,'20124','CA'),(2556,'20125','CA'),(2557,'2620','PT'),(2558,'20949','RU'),(2559,'20120','CA'),(2560,'20121','CA'),(2561,'20122','CA'),(2562,'20123','CA'),(2563,'20942','RU'),(2564,'20943','RU'),(2565,'20940','RU'),(2566,'20941','RU'),(2567,'20128','CH'),(2568,'20129','CH'),(2569,'20944','RU'),(2570,'20945','RU'),(2571,'21303','NZ'),(2572,'21302','NZ'),(2573,'21301','RO'),(2574,'21300','TW'),(2575,'21307','NZ'),(2576,'21306','NZ'),(2577,'21305','NZ'),(2578,'21304','NZ'),(2579,'21309','NZ'),(2580,'21308','NZ'),(2581,'2756','CH'),(2582,'2752','SE'),(2583,'2028','AG'),(2584,'20126','CH'),(2585,'20010','AR'),(2586,'20011','AR'),(2587,'20012','AR'),(2588,'20127','CH'),(2589,'20014','AR'),(2590,'20015','AR'),(2591,'20016','AR'),(2592,'20017','AR'),(2593,'20018','AR'),(2594,'20019','AR'),(2595,'9040118','BG'),(2596,'21548','NG'),(2597,'21541','NG'),(2598,'21540','NG'),(2599,'21543','NG'),(2600,'21542','NG'),(2601,'9040114','BG'),(2602,'21544','NG'),(2603,'21547','NG'),(2604,'21546','NG'),(2605,'20494','IE'),(2606,'20495','IE'),(2607,'20496','IE'),(2608,'9069578','BY'),(2609,'20490','IE'),(2610,'20491','IE'),(2611,'20492','IE'),(2612,'9069573','KZ'),(2613,'9069572','KZ'),(2614,'9069571','KZ'),(2615,'9069577','BY'),(2616,'9069576','BY'),(2617,'9069575','BY'),(2618,'9069574','BY'),(2619,'20946','RU'),(2620,'20947','RU'),(2621,'1012166','SI'),(2622,'9062321','LV'),(2623,'9062320','LV'),(2624,'20648','JP'),(2625,'9069589','PR'),(2626,'9040901','FR'),(2627,'9069998','MU'),(2628,'2024','AO'),(2629,'9070201','LA'),(2630,'9070429','NA'),(2631,'9070421','ME'),(2632,'9070420','ME'),(2633,'9070424','SN'),(2634,'9061348','PH'),(2635,'9061349','PH'),(2636,'9061344','PH'),(2637,'9061345','PH'),(2638,'9061346','PH'),(2639,'9061347','PH'),(2640,'9061340','PH'),(2641,'9061341','PH'),(2642,'9061342','PH'),(2643,'9061343','PH'),(2644,'21044','TH'),(2645,'21045','TH'),(2646,'21046','TH'),(2647,'21047','TH'),(2648,'21040','TH'),(2649,'21041','TH'),(2650,'21042','TH'),(2651,'21043','TH'),(2652,'2292','GI'),(2653,'21388','ES'),(2654,'9047173','VN'),(2655,'9047170','VN'),(2656,'9047175','VN'),(2657,'9047179','VN'),(2658,'2562','NE'),(2659,'2566','NG'),(2660,'2368','IQ'),(2661,'2360','ID'),(2662,'21220','ZA'),(2663,'2586','PK'),(2664,'21222','ZA'),(2665,'9040349','VN'),(2666,'21226','BR'),(2667,'2580','MP'),(2668,'9040345','VN'),(2669,'21229','BR'),(2670,'9040347','VN'),(2671,'9040340','VN'),(2672,'9040342','VN'),(2673,'9069740','PA'),(2674,'9069741','PA'),(2675,'9069743','PA'),(2676,'9069744','PA'),(2677,'9069749','PA'),(2678,'20013','AR'),(2679,'20808','PE'),(2680,'20807','PE'),(2681,'20806','PE'),(2682,'20805','PE'),(2683,'2100','BG'),(2684,'20802','PE'),(2685,'20801','PE'),(2686,'20800','PE'),(2687,'20151','CH'),(2688,'20150','CH'),(2689,'20153','CL'),(2690,'20152','CL'),(2691,'20155','CL'),(2692,'20154','CL'),(2693,'20157','CL'),(2694,'20156','CL'),(2695,'20159','CL'),(2696,'20158','CL'),(2697,'2630','PR'),(2698,'20797','PE'),(2699,'20796','PE'),(2700,'21318','KR'),(2701,'21319','KR'),(2702,'20791','NZ'),(2703,'21314','NZ'),(2704,'21315','NZ'),(2705,'21316','IE'),(2706,'21310','NZ'),(2707,'21311','NZ'),(2708,'21312','NZ'),(2709,'21313','NZ'),(2710,'9040299','TW'),(2711,'2740','SR'),(2712,'9068565','FR'),(2713,'2032','AR'),(2714,'2031','AZ'),(2715,'2748','SZ'),(2716,'21549','NG'),(2717,'9040119','BG'),(2718,'9040125','BG'),(2719,'9040127','BG'),(2720,'9040121','BG'),(2721,'9040123','BG'),(2722,'9040122','BG'),(2723,'21558','NG'),(2724,'21559','NG'),(2725,'21552','NG'),(2726,'21553','NG'),(2727,'21550','NG'),(2728,'21551','NG'),(2729,'21556','NG'),(2730,'21557','NG'),(2731,'21554','NG'),(2732,'21555','NG'),(2733,'20977','RU'),(2734,'20976','RU'),(2735,'20975','RU'),(2736,'20974','RU'),(2737,'20972','RU'),(2738,'20971','RU'),(2739,'9040111','BG'),(2740,'20979','RU'),(2741,'20978','RU'),(2742,'21545','NG'),(2743,'9040115','BG'),(2744,'9040116','BG'),(2745,'9061565','EE'),(2746,'9069579','BY'),(2747,'20497','IE'),(2748,'2554','NZ'),(2749,'20205','CO'),(2750,'20204','CO'),(2751,'20207','CO'),(2752,'20206','CO'),(2753,'20201','CO'),(2754,'20200','CO'),(2755,'20203','CO'),(2756,'20202','CO'),(2757,'20209','CO'),(2758,'20208','CO'),(2759,'2558','NI'),(2760,'20139','CH'),(2761,'9069985','UG'),(2762,'20138','CH'),(2763,'9069962','PY'),(2764,'9041083','AE'),(2765,'9041082','AE'),(2766,'9040324','VN'),(2767,'9070431','AO'),(2768,'9070436','BN'),(2769,'2470','MT'),(2770,'21031','TH'),(2771,'21030','TH'),(2772,'21033','TH'),(2773,'21032','TH'),(2774,'21035','TH'),(2775,'21034','TH'),(2776,'21037','TH'),(2777,'21036','TH'),(2778,'21039','TH'),(2779,'21038','TH'),(2780,'9040318','TW'),(2781,'9047168','VN'),(2782,'2352','IS'),(2783,'2356','IN'),(2784,'9040359','VN'),(2785,'9040353','VN'),(2786,'9040351','VN'),(2787,'9040356','VN'),(2788,'9040354','VN'),(2789,'9040355','VN'),(2790,'21149','US'),(2791,'21148','US'),(2792,'21145','US'),(2793,'21144','US'),(2794,'21147','US'),(2795,'21146','US'),(2796,'21141','US'),(2797,'21140','US'),(2798,'9069773','DO'),(2799,'21142','US'),(2800,'2136','KY'),(2801,'2132','CV'),(2802,'20812','PE'),(2803,'20813','PE'),(2804,'20814','PE'),(2805,'20815','PE'),(2806,'20816','PE'),(2807,'20142','CH'),(2808,'20143','CH'),(2809,'20140','CH'),(2810,'20141','CH'),(2811,'20146','CH'),(2812,'20147','CH'),(2813,'20144','CH'),(2814,'20145','CH'),(2815,'2642','RO'),(2816,'2643','RU'),(2817,'2646','RW'),(2818,'20780','NO'),(2819,'20781','NO'),(2820,'21499','CZ'),(2821,'20783','NO'),(2822,'20784','NO'),(2823,'20785','NO'),(2824,'20786','NO'),(2825,'20787','NO'),(2826,'20788','NO'),(2827,'20789','NO'),(2828,'21363','TR'),(2829,'21362','TR'),(2830,'21497','CZ'),(2831,'21496','CZ'),(2832,'21495','CZ'),(2833,'21494','CZ'),(2834,'9056636','ID'),(2835,'9056637','ID'),(2836,'9056638','ID'),(2837,'9056639','ID'),(2838,'2004','AF'),(2839,'2008','AL'),(2840,'21567','NG'),(2841,'21566','NG'),(2842,'9040130','BG'),(2843,'21564','NG'),(2844,'21563','NG'),(2845,'21562','NG'),(2846,'21561','NG'),(2847,'21560','NG'),(2848,'9040139','BG'),(2849,'21569','NG'),(2850,'21568','NG'),(2851,'20856','PL'),(2852,'20960','RU'),(2853,'20961','RU'),(2854,'20962','RU'),(2855,'9069794','BD'),(2856,'9069793','BD'),(2857,'9069792','BD'),(2858,'9069791','LK'),(2859,'20967','RU'),(2860,'20968','RU'),(2861,'20969','RU'),(2862,'2174','KM'),(2863,'9062301','LT'),(2864,'9062300','LT'),(2865,'2600','PY'),(2866,'2826','GB'),(2867,'20216','CY'),(2868,'20217','CY'),(2869,'20215','CY'),(2870,'20210','CO'),(2871,'20211','CO'),(2872,'20218','CZ'),(2873,'20219','CZ'),(2874,'20662','JP'),(2875,'2608','PH'),(2876,'21457','SA'),(2877,'21456','SA'),(2878,'21327','KR'),(2879,'21326','KR'),(2880,'21321','KR'),(2881,'21452','SA'),(2882,'21323','KR'),(2883,'21322','KR'),(2884,'20102','BR'),(2885,'21328','KR'),(2886,'20100','BR'),(2887,'21458','EG'),(2888,'9061360','PK'),(2889,'9070080','NA'),(2890,'21020','SE'),(2891,'21026','TH'),(2892,'21027','TH'),(2893,'21025','TH'),(2894,'21028','TH'),(2895,'21029','TH'),(2896,'2344','HK'),(2897,'9061562','EE'),(2898,'9061563','EE'),(2899,'9061564','EE'),(2900,'2340','HN'),(2901,'9061566','EE'),(2902,'9061567','EE'),(2903,'9061568','EE'),(2904,'2348','HU'),(2905,'21158','US'),(2906,'21159','US'),(2907,'21156','US'),(2908,'9069763','DO'),(2909,'21154','US'),(2910,'21155','US'),(2911,'21152','US'),(2912,'21153','US'),(2913,'21150','US'),(2914,'21151','US'),(2915,'2120','CM'),(2916,'2124','CA'),(2917,'21484','EG'),(2918,'21485','EG'),(2919,'2659','KN'),(2920,'21487','TH'),(2921,'21480','EG'),(2922,'21481','EG'),(2923,'21482','EG'),(2924,'20178','CN'),(2925,'20177','CN'),(2926,'20176','CN'),(2927,'20175','CN'),(2928,'20174','CN'),(2929,'21488','TH'),(2930,'20172','CN'),(2931,'20171','CN'),(2932,'20170','CN'),(2933,'21378','TR'),(2934,'21379','TR'),(2935,'20779','NO'),(2936,'20778','NO'),(2937,'20775','NO'),(2938,'20774','NO'),(2939,'21370','TR'),(2940,'21371','TR'),(2941,'20771','NO'),(2942,'20770','NL'),(2943,'20773','NO'),(2944,'21375','TR'),(2945,'9056643','ID'),(2946,'9056642','ID'),(2947,'9056641','ID'),(2948,'9056640','ID'),(2949,'9056647','ID'),(2950,'9056646','ID'),(2951,'9056645','ID'),(2952,'9056648','ID'),(2953,'2016','AS'),(2954,'2012','DZ'),(2955,'20519','IL'),(2956,'20518','IL'),(2957,'21572','NG'),(2958,'21573','NG'),(2959,'21574','NG'),(2960,'21575','NG'),(2961,'21576','NG'),(2962,'21577','TR'),(2963,'21578','TR'),(2964,'21579','TR'),(2965,'20515','IL'),(2966,'20514','IL'),(2967,'20517','IL'),(2968,'20516','IL'),(2969,'9069542','QA'),(2970,'9040380','TW'),(2971,'9069540','LT'),(2972,'9069548','KW'),(2973,'9069784','LK'),(2974,'9069785','LK'),(2975,'9069786','LK'),(2976,'9069787','LK'),(2977,'9069783','LK'),(2978,'9069788','LK'),(2979,'9069789','LK'),(2980,'2900','XK'),(2981,'20425','HU'),(2982,'20424','HU'),(2983,'20427','HU'),(2984,'20426','HU'),(2985,'20421','HU'),(2986,'20420','HU'),(2987,'20422','HU'),(2988,'20429','HU'),(2989,'20428','HU'),(2990,'20191','CN'),(2991,'20190','CN'),(2992,'20193','CN'),(2993,'20192','CN'),(2994,'20199','CO'),(2995,'20198','CO'),(2996,'20876','PT'),(2997,'9062318','LV'),(2998,'9062319','LV'),(2999,'9062316','LV'),(3000,'9062317','LV'),(3001,'9062314','LV'),(3002,'9062315','LV'),(3003,'9062312','LV'),(3004,'9062313','LV'),(3005,'20875','PT'),(3006,'2430','LR'),(3007,'20872','PT'),(3008,'20038','AU'),(3009,'20873','PT'),(3010,'20870','PT'),(3011,'20707','MX'),(3012,'20659','JP'),(3013,'20226','DE'),(3014,'20229','DE'),(3015,'20228','DE'),(3016,'21157','US'),(3017,'21361','TR'),(3018,'20340','GB'),(3019,'9069891','TZ'),(3020,'9069896','SV'),(3021,'9069897','SV'),(3022,'9069899','SV'),(3023,'9070230','BJ'),(3024,'9070145','LY'),(3025,'20342','GB'),(3026,'20723','MX'),(3027,'21019','SE'),(3028,'21018','SE'),(3029,'21017','SE'),(3030,'21016','SE'),(3031,'21015','SE'),(3032,'21014','SE'),(3033,'21013','SE'),(3034,'21012','SE'),(3035,'21011','SE'),(3036,'21010','SE'),(3037,'9053442','IT'),(3038,'9053440','IT'),(3039,'9053441','IT'),(3040,'2332','HT'),(3041,'9047147','TH'),(3042,'21486','TH'),(3043,'21169','US'),(3044,'21168','US'),(3045,'21163','US'),(3046,'2716','ZW'),(3047,'21161','US'),(3048,'21160','US'),(3049,'21167','US'),(3050,'21166','US'),(3051,'21165','US'),(3052,'21164','US'),(3053,'20179','CN'),(3054,'2484','MX'),(3055,'21483','EG'),(3056,'2480','MU'),(3057,'2246','FI'),(3058,'2242','FJ'),(3059,'20168','CN'),(3060,'21346','RU'),(3061,'2466','ML'),(3062,'21342','IN'),(3063,'21341','IN'),(3064,'20160','CL'),(3065,'20173','CN'),(3066,'20162','CL'),(3067,'20163','CN'),(3068,'20164','CN'),(3069,'20165','CN'),(3070,'20166','CN'),(3071,'20167','CN'),(3072,'20768','NL'),(3073,'20769','NL'),(3074,'20766','NL'),(3075,'20767','NL'),(3076,'20764','NL'),(3077,'20765','NL'),(3078,'20762','NL'),(3079,'20763','NL'),(3080,'20760','NL'),(3081,'20761','NL'),(3082,'9056651','ID'),(3083,'2068','BO'),(3084,'2060','BM'),(3085,'9040338','VN'),(3086,'2796','TC'),(3087,'2795','TM'),(3088,'21372','TR'),(3089,'21373','TR'),(3090,'21581','UA'),(3091,'20777','NO'),(3092,'21582','UA'),(3093,'20698','MX'),(3094,'20776','NO'),(3095,'9062296','LT'),(3096,'21376','TR'),(3097,'20696','MX'),(3098,'20697','MX'),(3099,'20694','MX'),(3100,'21377','TR'),(3101,'21374','TR'),(3102,'20988','SA'),(3103,'20989','SA'),(3104,'20987','SA'),(3105,'20984','RU'),(3106,'20772','NO'),(3107,'20982','RU'),(3108,'20983','RU'),(3109,'20980','RU'),(3110,'20981','RU'),(3111,'20436','ID'),(3112,'20341','GB'),(3113,'20434','HU'),(3114,'20435','HU'),(3115,'20432','HU'),(3116,'20433','HU'),(3117,'20430','HU'),(3118,'20431','HU'),(3119,'20631','JP'),(3120,'20438','ID'),(3121,'20439','ID'),(3122,'20186','CN'),(3123,'20187','CN'),(3124,'20184','CN'),(3125,'20185','CN'),(3126,'20182','CN'),(3127,'20183','CN'),(3128,'20180','CN'),(3129,'20181','CN'),(3130,'20188','CN'),(3131,'20189','CN'),(3132,'2800','UG'),(3133,'2807','MK'),(3134,'2804','UA'),(3135,'20238','DE'),(3136,'20239','DE'),(3137,'20234','DE'),(3138,'20235','DE'),(3139,'20236','DE'),(3140,'20237','DE'),(3141,'20230','DE'),(3142,'2404','KE'),(3143,'20232','DE'),(3144,'20233','DE'),(3145,'9062565','SI'),(3146,'9062564','SI'),(3147,'9062566','SI'),(3148,'9062561','SI'),(3149,'9062560','SI'),(3150,'9062563','SI'),(3151,'9062562','SI'),(3152,'9062569','SI'),(3153,'9062568','SI'),(3154,'2400','JO'),(3155,'20450','ID'),(3156,'20907','RO'),(3157,'9070398','KH'),(3158,'20905','RO'),(3159,'20902','RO'),(3160,'9069935','GP'),(3161,'20903','RO'),(3162,'20900','RO'),(3163,'20457','IN'),(3164,'9070176','MG'),(3165,'9070179','MG'),(3166,'9070178','MG'),(3167,'9069842','GE'),(3168,'9069841','GE'),(3169,'21570','NG'),(3170,'21571','NG'),(3171,'21008','SE'),(3172,'21009','SE'),(3173,'21000','SE'),(3174,'21001','SE'),(3175,'21002','SE'),(3176,'21003','SE'),(3177,'21004','SE'),(3178,'21005','SE'),(3179,'21006','SE'),(3180,'21007','SE'),(3181,'21228','BR'),(3182,'2320','GT'),(3183,'2324','GN'),(3184,'2328','GY'),(3185,'21174','US'),(3186,'21175','US'),(3187,'21176','US'),(3188,'21177','US'),(3189,'21170','US'),(3190,'21171','US'),(3191,'21172','US'),(3192,'21173','US'),(3193,'9047198','IE'),(3194,'21178','US'),(3195,'21179','US'),(3196,'2499','ME'),(3197,'2498','MD'),(3198,'2496','MN'),(3199,'2258','PF'),(3200,'2254','GF'),(3201,'2250','FR'),(3202,'21351','RU'),(3203,'2474','MQ'),(3204,'21354','TR'),(3205,'21355','TR'),(3206,'21356','TR'),(3207,'21357','TR'),(3208,'21358','TR'),(3209,'21359','TR'),(3210,'2478','MR'),(3211,'20759','NL'),(3212,'20751','MY'),(3213,'20750','MY'),(3214,'2784','AE'),(3215,'2788','TN'),(3216,'2072','BW'),(3217,'2070','BA'),(3218,'2076','BR'),(3219,'2670','VC'),(3220,'2678','ST'),(3221,'20407','HR'),(3222,'20409','HR'),(3223,'20408','HR'),(3224,'2818','EG'),(3225,'9068898','FR'),(3226,'9068897','FR'),(3227,'9068896','FR'),(3228,'9068895','FR'),(3229,'20241','DE'),(3230,'20240','DE'),(3231,'20243','DK'),(3232,'20245','DK'),(3233,'20722','MX'),(3234,'21221','ZA'),(3235,'2585','PW'),(3236,'20721','MX'),(3237,'20726','MX'),(3238,'20724','MX'),(3239,'21227','BR'),(3240,'21383','TR'),(3241,'21382','TR'),(3242,'2422','LB'),(3243,'9070385','TZ'),(3244,'9047098','AE'),(3245,'21386','ES'),(3246,'2426','LS'),(3247,'9069925','MD'),(3248,'20877','PT'),(3249,'20874','PT'),(3250,'21509','CO'),(3251,'9070164','XK'),(3252,'9070162','VI'),(3253,'9070160','VI'),(3254,'9070161','VI'),(3255,'9069853','IQ'),(3256,'9061337','PE'),(3257,'21232','BR'),(3258,'2316','GU'),(3259,'2312','GP'),(3260,'21101','TW'),(3261,'21102','TW'),(3262,'21105','TW'),(3263,'21109','UA'),(3264,'9047187','VN'),(3265,'9047183','VN'),(3266,'2268','GE'),(3267,'2262','DJ'),(3268,'2266','GA'),(3269,'2442','LU'),(3270,'20745','MY'),(3271,'20746','MY'),(3272,'20747','MY'),(3273,'2446','MO'),(3274,'20741','MY'),(3275,'20742','MY'),(3276,'20743','MY'),(3277,'20748','MY'),(3278,'20749','MY'),(3279,'9069687','DZ'),(3280,'20804','PE'),(3281,'2040','AT'),(3282,'2048','BH'),(3283,'21291','ID'),(3284,'21290','CO'),(3285,'21293','VE'),(3286,'21292','UA'),(3287,'21297','AR'),(3288,'21299','AR'),(3289,'21298','AR'),(3290,'2104','MM'),(3291,'2638','RE'),(3292,'9069599','PR'),(3293,'9069598','PR'),(3294,'2834','TZ'),(3295,'9069591','PR'),(3296,'9069590','PR'),(3297,'2688','RS'),(3298,'2634','QA'),(3299,'2686','SN'),(3300,'2682','SA'),(3301,'9070378','JM'),(3302,'20418','HU'),(3303,'20419','HU'),(3304,'20415','HU'),(3305,'20416','HU'),(3306,'20417','HU'),(3307,'20410','HR'),(3308,'20411','HR'),(3309,'20412','HR'),(3310,'20413','HR'),(3311,'9062293','LT'),(3312,'9069662','EE'),(3313,'9069661','EE'),(3314,'9069660','EE'),(3315,'21251','RU'),(3316,'20792','NZ'),(3317,'2860','UZ'),(3318,'2862','VE'),(3319,'9062295','LT'),(3320,'9062294','LT'),(3321,'9062299','LT'),(3322,'9062298','LT'),(3323,'20252','DK'),(3324,'20652','JP'),(3325,'20256','DK'),(3326,'20254','DK'),(3327,'20653','JP'),(3328,'20799','PE'),(3329,'9062587','SK'),(3330,'9062586','SK'),(3331,'9062585','SK'),(3332,'9062584','SK'),(3333,'9062583','SK'),(3334,'9062582','SK'),(3335,'9062581','SK'),(3336,'9062580','SK'),(3337,'9070379','JM'),(3338,'9069912','MD'),(3339,'9070375','JM'),(3340,'2036','AU'),(3341,'9065353','MM'),(3342,'9065352','MM'),(3343,'9065351','MM'),(3344,'9065350','MM'),(3345,'9065356','MM'),(3346,'9065355','MM'),(3347,'9065354','MM'),(3348,'9070113','MZ'),(3349,'9070289','KZ'),(3350,'9070288','KZ'),(3351,'9070283','IE'),(3352,'9070287','KZ'),(3353,'9070286','KZ'),(3354,'9070026','ZW'),(3355,'9070024','ZW'),(3356,'9070021','ZW'),(3357,'9070029','ZW'),(3358,'2308','GD'),(3359,'2300','GR'),(3360,'2304','GL'),(3361,'21112','UA'),(3362,'21113','UA'),(3363,'21110','UA'),(3364,'21111','UA'),(3365,'21116','UA'),(3366,'21117','UA'),(3367,'21114','UA'),(3368,'21115','UA'),(3369,'9061584','GR'),(3370,'21119','UA'),(3371,'9061583','GR'),(3372,'9061580','GR'),(3373,'2276','DE'),(3374,'2270','GM'),(3375,'20887','RO'),(3376,'2458','MY'),(3377,'20737','MY'),(3378,'20880','PT'),(3379,'20739','MY'),(3380,'2454','MW'),(3381,'2450','MG'),(3382,'20889','RO'),(3383,'20888','RO'),(3384,'9069698','DZ'),(3385,'9069690','DZ'),(3386,'2051','AM'),(3387,'2050','BD'),(3388,'2052','BB'),(3389,'2056','BE'),(3390,'9047186','VN'),(3391,'21287','TR'),(3392,'21288','EC'),(3393,'20089','BR'),(3394,'20088','BR'),(3395,'20087','BR'),(3396,'20086','BR'),(3397,'9069586','PR'),(3398,'20649','JP'),(3399,'9069583','PR'),(3400,'9069580','PR'),(3401,'9069581','PR'),(3402,'20645','JP'),(3403,'20644','JP'),(3404,'20647','JP'),(3405,'20646','JP'),(3406,'20641','JP'),(3407,'20640','JP'),(3408,'20643','JP'),(3409,'20642','JP'),(3410,'2694','SL'),(3411,'20469','IN'),(3412,'20468','IN'),(3413,'20461','IN'),(3414,'20460','IN'),(3415,'20463','IN'),(3416,'20462','IN'),(3417,'20465','IN'),(3418,'20464','IN'),(3419,'20467','IN'),(3420,'20466','IN'),(3421,'20970','RU'),(3422,'20265','EC'),(3423,'20264','EC'),(3424,'20263','EC'),(3425,'20262','EC'),(3426,'20260','EC'),(3427,'20269','ES'),(3428,'9047096','AE'),(3429,'20893','RO'),(3430,'9069738','KE'),(3431,'21492','HR'),(3432,'9069900','SV'),(3433,'9070366','IS'),(3434,'9070367','GH'),(3435,'20798','PE'),(3436,'9065341','MM'),(3437,'9065345','MM'),(3438,'9065348','MM'),(3439,'9065349','MM'),(3440,'9040862','FR'),(3441,'20744','MY'),(3442,'20897','RO'),(3443,'2440','LT'),(3444,'9070298','CR'),(3445,'9070299','CR'),(3446,'2768','TG'),(3447,'9070290','KZ'),(3448,'20740','MY'),(3449,'9070292','KZ'),(3450,'9070294','CR'),(3451,'9070295','CR'),(3452,'9070296','CR'),(3453,'9070297','CR'),(3454,'20629','JP'),(3455,'20628','JP'),(3456,'20626','JP'),(3457,'20624','JP'),(3458,'9070030','ME'),(3459,'9070032','ME'),(3460,'21129','UA'),(3461,'21128','UA'),(3462,'21127','UA'),(3463,'21126','UA'),(3464,'21125','UA'),(3465,'21124','UA'),(3466,'21123','UA'),(3467,'21122','UA'),(3468,'21121','UA'),(3469,'2191','HR'),(3470,'2196','CY'),(3471,'2203','CZ'),(3472,'2204','BJ'),(3473,'2208','DK'),(3474,'20890','RO'),(3475,'20891','RO'),(3476,'20892','RO'),(3477,'9047097','AE'),(3478,'20894','RO'),(3479,'20895','RO'),(3480,'20896','RO'),(3481,'20725','MX'),(3482,'20898','RO'),(3483,'20899','RO'),(3484,'21381','TR'),(3485,'21380','TR'),(3486,'21387','ES'),(3487,'9047099','AE'),(3488,'21385','RU'),(3489,'21384','TR'),(3490,'2516','NA'),(3491,'2512','OM'),(3492,'20098','BR'),(3493,'20099','BR'),(3494,'2732','EH'),(3495,'20090','BR'),(3496,'20091','BR'),(3497,'20092','BR'),(3498,'20093','BR'),(3499,'20094','BR'),(3500,'20095','BR'),(3501,'20096','BR'),(3502,'20097','BR'),(3503,'21255','PT'),(3504,'21257','TR'),(3505,'21256','RU'),(3506,'9062297','LT'),(3507,'21250','RU'),(3508,'20658','JP'),(3509,'21252','RU'),(3510,'20656','JP'),(3511,'20657','JP'),(3512,'20654','JP'),(3513,'20655','JP'),(3514,'21259','RO'),(3515,'21258','RO'),(3516,'20650','JP'),(3517,'20651','JP'),(3518,'9040321','TW'),(3519,'20479','IE'),(3520,'20472','IN'),(3521,'20470','IN'),(3522,'20471','IN'),(3523,'20476','IE'),(3524,'20477','IE'),(3525,'20475','IE'),(3526,'9069640','PR'),(3527,'9069644','PR'),(3528,'9069649','PR'),(3529,'9069648','PR'),(3530,'2434','LY'),(3531,'2616','PL'),(3532,'2840','US'),(3533,'20274','ES'),(3534,'20275','ES'),(3535,'20276','ES'),(3536,'20277','ES'),(3537,'20278','ES'),(3538,'20279','ES'),(3539,'20079','BA'),(3540,'20483','IE'),(3541,'20482','IE'),(3542,'20953','RU'),(3543,'9040344','VN'),(3544,'20487','IE'),(3545,'20954','RU'),(3546,'20484','IE'),(3547,'21440','HR'),(3548,'21441','HR'),(3549,'21442','HR'),(3550,'21443','HR'),(3551,'21332','KR'),(3552,'21445','HR'),(3553,'9070359','BD'),(3554,'9070358','BD'),(3555,'21330','KR'),(3556,'21331','KR'),(3557,'21365','TR'),(3558,'9070354','LB'),(3559,'9070357','BD'),(3560,'9070356','BD'),(3561,'20133','CH'),(3562,'20132','CH'),(3563,'21364','TR'),(3564,'9040859','FR'),(3565,'9069801','GT'),(3566,'21366','TR'),(3567,'9070006','NI'),(3568,'9070009','NI'),(3569,'9070134','HT'),(3570,'21138','US'),(3571,'21139','US'),(3572,'21130','UA'),(3573,'21132','US'),(3574,'21133','US'),(3575,'21135','US'),(3576,'21136','US'),(3577,'21137','US'),(3578,'2180','CD'),(3579,'2188','CR'),(3580,'2212','DM'),(3581,'2214','DO'),(3582,'2218','EC'),(3583,'2438','LI'),(3584,'20869','PT'),(3585,'20868','PT'),(3586,'20719','MX'),(3587,'20718','MX'),(3588,'20865','PT'),(3589,'20716','MX'),(3590,'20715','MX'),(3591,'20714','MX'),(3592,'20713','MX'),(3593,'20712','MX'),(3594,'20711','MX'),(3595,'20862','PL'),(3596,'2508','MZ'),(3597,'2504','MA'),(3598,'2724','ES'),(3599,'21246','RO'),(3600,'21247','RO'),(3601,'20669','JP'),(3602,'20668','JP'),(3603,'21243','RU'),(3604,'9040329','VN'),(3605,'20663','JP'),(3606,'9040326','VN'),(3607,'20661','JP'),(3608,'20660','JP'),(3609,'20667','JP'),(3610,'20666','JP'),(3611,'20665','JP'),(3612,'20664','JP'),(3613,'20915','RU'),(3614,'20446','ID'),(3615,'20917','RU'),(3616,'20916','RU'),(3617,'20443','ID'),(3618,'20442','ID'),(3619,'20441','ID'),(3620,'20440','ID'),(3621,'20919','RU'),(3622,'20918','RU'),(3623,'20449','ID'),(3624,'20448','ID'),(3625,'9069658','EE'),(3626,'9069659','EE'),(3627,'9069656','EE'),(3628,'9069650','PR'),(3629,'9069651','PR'),(3630,'2858','UY'),(3631,'2850','VI'),(3632,'2854','BF'),(3633,'20289','ES'),(3634,'20285','ES'),(3635,'20284','ES'),(3636,'20286','ES'),(3637,'20281','ES'),(3638,'20280','ES'),(3639,'20283','ES'),(3640,'20282','ES'),(3641,'20043','AT'),(3642,'20042','AT'),(3643,'20041','AU'),(3644,'20040','AU'),(3645,'20047','AT'),(3646,'20046','AT'),(3647,'20045','AT'),(3648,'9040140','BG'),(3649,'20049','AT'),(3650,'20048','AT'),(3651,'2096','BN'),(3652,'9040101','BG'),(3653,'2090','SB'),(3654,'21537','MA'),(3655,'21087','TR'),(3656,'9040106','BG'),(3657,'9040105','BG'),(3658,'21162','US'),(3659,'2528','NL'),(3660,'9069813','IS'),(3661,'9069814','IS'),(3662,'9069815','IS'),(3663,'9070016','NP'),(3664,'9070013','NI'),(3665,'20948','RU'),(3666,'21347','RU'),(3667,'20169','CN'),(3668,'2222','SV'),(3669,'20161','CL'),(3670,'9061642','IN'),(3671,'20708','MX'),(3672,'20709','MX'),(3673,'20878','PT'),(3674,'20879','PT'),(3675,'20700','MX'),(3676,'20701','MX'),(3677,'20702','MX'),(3678,'20703','MX'),(3679,'20704','MX'),(3680,'20705','MX'),(3681,'20706','MX'),(3682,'20871','PT'),(3683,'21097','TW'),(3684,'21096','TW'),(3685,'21094','TR'),(3686,'21093','TR'),(3687,'21092','TR'),(3688,'21091','TR'),(3689,'21090','TR'),(3690,'21348','RU'),(3691,'21099','TW'),(3692,'21098','TW'),(3693,'2084','BZ'),(3694,'2710','ZA'),(3695,'20670','JP'),(3696,'21271','KM'),(3697,'21277','RU'),(3698,'21276','RO'),(3699,'21275','RO'),(3700,'21274','HR'),(3701,'9040336','VN'),(3702,'9040337','VN'),(3703,'9040330','VN'),(3704,'9040331','VN'),(3705,'2156','CN'),(3706,'9040307','TW'),(3707,'2152','CL'),(3708,'2158','TW'),(3709,'20906','RO'),(3710,'20451','ID'),(3711,'20904','RO'),(3712,'20453','IN'),(3713,'20454','IN'),(3714,'20455','IN'),(3715,'20456','IN'),(3716,'20901','RO'),(3717,'20458','IN'),(3718,'20459','IN'),(3719,'20908','RO'),(3720,'20909','RO'),(3721,'21479','EG'),(3722,'21478','EG'),(3723,'21470','EG'),(3724,'21473','EG'),(3725,'21472','EG'),(3726,'21475','EG'),(3727,'21474','EG'),(3728,'21477','EG'),(3729,'21476','EG'),(3730,'9069629','PR'),(3731,'9069628','PR'),(3732,'9069621','PR'),(3733,'9069620','PR'),(3734,'20290','ES'),(3735,'21505','CZ'),(3736,'21504','CZ'),(3737,'21507','CO'),(3738,'21506','CO'),(3739,'21501','CZ'),(3740,'21500','CZ'),(3741,'21503','CZ'),(3742,'21502','CZ'),(3743,'20050','AT'),(3744,'21508','CO'),(3745,'20052','BE'),(3746,'9069537','HK'),(3747,'9069536','HK'),(3748,'9069535','HK'),(3749,'9069534','TW'),(3750,'9069532','IE'),(3751,'9069531','IE'),(3752,'9069530','IE'),(3753,'9069539','GR'),(3754,'9069538','GR'),(3755,'2792','TR'),(3756,'2882','WS'),(3757,'9040832','FR'),(3758,'9040830','FR'),(3759,'2887','YE'),(3760,'9070249','BF'),(3761,'9070247','BF'),(3762,'9070245','TC'),(3763,'21580','UA'),(3764,'20699','MX'),(3765,'2231','ET'),(3766,'2233','EE'),(3767,'2232','ER'),(3768,'2234','FO'),(3769,'20849','PL'),(3770,'20848','PL'),(3771,'20847','PL'),(3772,'21080','TR'),(3773,'21081','TR'),(3774,'21082','TR'),(3775,'21083','TR'),(3776,'21084','TR'),(3777,'21085','TR'),(3778,'21086','TR'),(3779,'2092','VG'),(3780,'21088','TR'),(3781,'21089','TR'),(3782,'2524','NP'),(3783,'9053439','IT'),(3784,'9053438','IT'),(3785,'9053437','IT'),(3786,'9053436','IT'),(3787,'9053435','IT'),(3788,'9053434','IT'),(3789,'9053433','IT'),(3790,'9053432','IT'),(3791,'9053431','IT'),(3792,'9053430','IT'),(3793,'2660','AI'),(3794,'2705','SI'),(3795,'2704','VN'),(3796,'2706','SO'),(3797,'2703','SK'),(3798,'2702','SG'),(3799,'21268','IN'),(3800,'21264','RO'),(3801,'21260','RO'),(3802,'21261','RO'),(3803,'21262','RO'),(3804,'21263','RO'),(3805,'20985','RU'),(3806,'9069709','DZ'),(3807,'2410','KR'),(3808,'2144','LK'),(3809,'2414','KW'),(3810,'2417','KG'),(3811,'2418','LA'),(3812,'2148','TD'),(3813,'20933','RU'),(3814,'20932','RU'),(3815,'20931','RU'),(3816,'20930','RU'),(3817,'20937','RU'),(3818,'20936','RU'),(3819,'20935','RU'),(3820,'20934','RU'),(3821,'20939','RU'),(3822,'20938','RU'),(3823,'20119','CA'),(3824,'20118','CA'),(3825,'20115','CA'),(3826,'20114','CA'),(3827,'20117','CA'),(3828,'20116','CA'),(3829,'20113','CA'),(3830,'21468','EG'),(3831,'21469','EG'),(3832,'21462','EG'),(3833,'21463','EG'),(3834,'21460','EG'),(3835,'21461','EG'),(3836,'21466','EG'),(3837,'21467','EG'),(3838,'21464','EG'),(3839,'21465','EG'),(3840,'9069630','PR'),(3841,'9069632','PR'),(3842,'9069634','PR'),(3843,'9069635','PR'),(3844,'9069637','PR'),(3845,'21517','CO'),(3846,'21514','CO'),(3847,'21512','CO'),(3848,'21513','CO'),(3849,'21510','CO'),(3850,'21511','CO'),(3851,'20021','AR'),(3852,'20020','AR'),(3853,'20023','AR'),(3854,'20022','AR'),(3855,'20025','AR'),(3856,'20024','AR'),(3857,'21518','CO'),(3858,'21519','CO'),(3859,'9069524','BE'),(3860,'9069525','FR'),(3861,'20343','GB'),(3862,'9069522','FR'),(3863,'9069523','BE'),(3864,'9069529','IE'),(3865,'20332','FR'),(3866,'20339','GB'),(3867,'20717','MX'),(3868,'20867','PT'),(3869,'20866','PT'),(3870,'20028','AR'),(3871,'20861','PL'),(3872,'20860','PL'),(3873,'20710','MX'),(3874,'9040823','FR'),(3875,'9040824','FR'),(3876,'2894','ZM'),(3877,'9069830','BH'),(3878,'9069836','GH'),(3879,'9069837','GH'),(3880,'9070256','GL'),(3881,'20027','AR'),(3882,'20026','AR'),(3883,'9070322','KE'),(3884,'21143','US'),(3885,'9070327','KE'),(3886,'9070071','SN'),(3887,'21244','RO'),(3888,'20227','DE'),(3889,'21245','RO'),(3890,'9040833','FR'),(3891,'21079','TR'),(3892,'21078','TR'),(3893,'21075','TR'),(3894,'21074','TR'),(3895,'21077','TR'),(3896,'21076','TR'),(3897,'21071','TR'),(3898,'21070','TR'),(3899,'21073','TR'),(3900,'21072','TR'),(3901,'9053428','IT'),(3902,'9053429','IT'),(3903,'9053424','IT'),(3904,'9053425','IT'),(3905,'9053426','IT'),(3906,'9053427','IT'),(3907,'9053423','IT'),(3908,'20148','CH'),(3909,'2392','JP'),(3910,'2398','KZ'),(3911,'9040314','TW'),(3912,'2776','TO'),(3913,'21219','ZA'),(3914,'21218','ZA'),(3915,'21215','ZA'),(3916,'21214','ZA'),(3917,'21217','ZA'),(3918,'21216','ZA'),(3919,'21189','VE'),(3920,'21188','VE'),(3921,'21180','US'),(3922,'21183','US'),(3923,'21182','US'),(3924,'21184','US'),(3925,'20854','PL'),(3926,'20855','PL'),(3927,'2170','CO'),(3928,'20857','PL'),(3929,'20850','PL'),(3930,'20851','PL'),(3931,'20852','PL'),(3932,'20853','PL'),(3933,'20858','PL'),(3934,'20859','PL'),(3935,'2604','PE'),(3936,'20149','CH'),(3937,'20928','RU'),(3938,'20929','RU'),(3939,'20924','RU'),(3940,'20925','RU'),(3941,'20926','RU'),(3942,'20927','RU'),(3943,'20920','RU'),(3944,'20921','RU'),(3945,'20922','RU'),(3946,'21325','KR'),(3947,'21324','KR'),(3948,'21455','SA'),(3949,'21454','SA'),(3950,'21453','SA'),(3951,'21320','KR'),(3952,'21451','SA'),(3953,'21450','SA'),(3954,'20106','BR'),(3955,'20104','BR'),(3956,'20105','BR'),(3957,'21329','KR'),(3958,'20103','BR'),(3959,'21459','EG'),(3960,'20101','BR'),(3961,'21369','TR'),(3962,'21368','TR'),(3963,'9069609','PR'),(3964,'20782','NO'),(3965,'21498','CZ'),(3966,'20231','DE'),(3967,'21493','HR'),(3968,'21360','TR'),(3969,'21521','CO'),(3970,'20039','AU'),(3971,'21527','MA'),(3972,'21526','MA'),(3973,'21525','MA'),(3974,'21524','MA'),(3975,'9040323','VN'),(3976,'21528','MA'),(3977,'20036','AU'),(3978,'20037','AU'),(3979,'20034','AU'),(3980,'20035','AU'),(3981,'21248','TR'),(3982,'21249','TR'),(3983,'20326','FR'),(3984,'20321','FR'),(3985,'20437','ID'),(3986,'20329','FR'),(3987,'2583','FM'),(3988,'9070268','SZ'),(3989,'9070263','TG'),(3990,'9070267','SZ'),(3991,'20720','MX'),(3992,'9070318','KE'),(3993,'20447','ID'),(3994,'20914','RU'),(3995,'20445','ID'),(3996,'20444','ID'),(3997,'20911','RO'),(3998,'20910','RO'),(3999,'20913','RO'),(4000,'20912','RO'),(4001,'9070440','KG'),(4002,'9070443','KG'),(4003,'9070449','RW'),(4004,'9040133','BG'),(4005,'21565','NG'),(4006,'9070044','ZM'),(4007,'9040131','BG'),(4008,'9070042','ZM'),(4009,'9070049','AM'),(4010,'9040137','BG'),(4011,'9040134','BG'),(4012,'21068','TR'),(4013,'21069','TR'),(4014,'21066','TR'),(4015,'21067','TR'),(4016,'21064','TR'),(4017,'21065','TR'),(4018,'21062','TR'),(4019,'21063','TR'),(4020,'21060','TR'),(4021,'21061','TR'),(4022,'2540','NC'),(4023,'2548','VU'),(4024,'2380','IT'),(4025,'2384','CI'),(4026,'2388','JM'),(4027,'2428','LV'),(4028,'21118','UA'),(4029,'9040362','VN'),(4030,'9040360','VN'),(4031,'9040365','VN'),(4032,'9040364','VN'),(4033,'20627','JP'),(4034,'2762','TJ'),(4035,'20625','JP'),(4036,'9040368','VN'),(4037,'2764','TH'),(4038,'9069725','DZ'),(4039,'9069722','DZ'),(4040,'9069723','DZ'),(4041,'9069720','DZ'),(4042,'21202','VE'),(4043,'21203','VE'),(4044,'21200','VE'),(4045,'21201','VE'),(4046,'21206','VE'),(4047,'21204','VE'),(4048,'21205','VE'),(4049,'21198','VE'),(4050,'21199','VE'),(4051,'21192','VE'),(4052,'21193','VE'),(4053,'21190','VE'),(4054,'21191','VE'),(4055,'21196','VE'),(4056,'21197','VE'),(4057,'21194','VE'),(4058,'21195','VE'),(4059,'20959','RU'),(4060,'20958','RU'),(4061,'20489','IE'),(4062,'20488','IE'),(4063,'9070394','GP'),(4064,'20951','RU'),(4065,'20950','RU'),(4066,'20481','IE'),(4067,'20952','RU'),(4068,'20955','RU'),(4069,'20486','IE'),(4070,'20957','RU'),(4071,'20956','RU'),(4072,'21336','IN'),(4073,'21337','IN'),(4074,'21334','IN'),(4075,'21335','IN'),(4076,'21444','HR'),(4077,'21333','KR'),(4078,'21446','HR'),(4079,'21447','HR'),(4080,'21448','SA'),(4081,'21449','SA'),(4082,'20131','CH'),(4083,'20130','CH'),(4084,'20137','CH'),(4085,'20136','CH'),(4086,'20135','CH'),(4087,'20134','CH'),(4088,'9047158','TH'),(4089,'20963','RU'),(4090,'20964','RU'),(4091,'20965','RU'),(4092,'20966','RU'),(4093,'20009','AR'),(4094,'20008','AR'),(4095,'9040109','BG'),(4096,'9040108','BG'),(4097,'21538','MA'),(4098,'21539','MY'),(4099,'21534','MA'),(4100,'21535','MA'),(4101,'21536','MA'),(4102,'9040100','BG'),(4103,'21530','MA'),(4104,'21531','MA'),(4105,'21532','MA'),(4106,'21533','MA'),(4107,'20317','FR'),(4108,'20316','FR'),(4109,'20319','FR'),(4110,'20318','FR'),(4111,'9040370','VN'),(4112,'21234','RU'),(4113,'20882','PT'),(4114,'20881','PT'),(4115,'9040377','VN'),(4116,'9070308','KE'),(4117,'20738','MY'),(4118,'9070306','DZ'),(4119,'9070307','CY'),(4120,'9040146','BG'),(4121,'20634','JP'),(4122,'9040145','BG'),(4123,'9040142','BG'),(4124,'20044','AT'),(4125,'9070272','TJ'),(4126,'9070454','NE'),(4127,'9070451','YE'),(4128,'9061359','PK'),(4129,'9061358','PK'),(4130,'9061357','PK'),(4131,'9061356','PK'),(4132,'9061355','PH'),(4133,'9061354','PH'),(4134,'9061353','PH'),(4135,'9061352','PH'),(4136,'9061351','PH'),(4137,'9061350','PH'),(4138,'9070058','AM'),(4139,'2288','GH'),(4140,'21059','TR'),(4141,'21058','TR'),(4142,'21053','TR'),(4143,'21052','TR'),(4144,'21057','TR'),(4145,'21056','TR'),(4146,'21055','TR'),(4147,'21054','TR'),(4148,'9047104','CL'),(4149,'9047105','CL'),(4150,'9047102','CL'),(4151,'9047103','CL'),(4152,'2578','NO'),(4153,'9047101','BG'),(4154,'9047108','RO'),(4155,'9047109','RU'),(4156,'2376','IL'),(4157,'2372','IE'),(4158,'20638','JP'),(4159,'20639','JP'),(4160,'9040372','VN'),(4161,'9040373','VN'),(4162,'9040374','VN'),(4163,'2591','PA'),(4164,'9040376','VN'),(4165,'21230','BR'),(4166,'20630','JP'),(4167,'9040379','TW'),(4168,'20632','JP'),(4169,'20633','JP'),(4170,'2598','PG'),(4171,'20635','JP'),(4172,'20636','JP'),(4173,'20637','JP'),(4174,'9069751','PA'),(4175,'9069750','PA'),(4176,'20835','PH'),(4177,'2112','BY'),(4178,'2116','KH'),(4179,'20124','CA'),(4180,'20125','CA'),(4181,'2620','PT'),(4182,'20949','RU'),(4183,'20120','CA'),(4184,'20121','CA'),(4185,'20122','CA'),(4186,'20123','CA'),(4187,'20942','RU'),(4188,'20943','RU'),(4189,'20940','RU'),(4190,'20941','RU'),(4191,'20128','CH'),(4192,'20129','CH'),(4193,'20944','RU'),(4194,'20945','RU'),(4195,'21303','NZ'),(4196,'21302','NZ'),(4197,'21301','RO'),(4198,'21300','TW'),(4199,'21307','NZ'),(4200,'21306','NZ'),(4201,'21305','NZ'),(4202,'21304','NZ'),(4203,'21309','NZ'),(4204,'21308','NZ'),(4205,'2756','CH'),(4206,'2752','SE'),(4207,'2028','AG'),(4208,'20126','CH'),(4209,'20010','AR'),(4210,'20011','AR'),(4211,'20012','AR'),(4212,'20127','CH'),(4213,'20014','AR'),(4214,'20015','AR'),(4215,'20016','AR'),(4216,'20017','AR'),(4217,'20018','AR'),(4218,'20019','AR'),(4219,'9040118','BG'),(4220,'21548','NG'),(4221,'21541','NG'),(4222,'21540','NG'),(4223,'21543','NG'),(4224,'21542','NG'),(4225,'9040114','BG'),(4226,'21544','NG'),(4227,'21547','NG'),(4228,'21546','NG'),(4229,'20494','IE'),(4230,'20495','IE'),(4231,'20496','IE'),(4232,'9069578','BY'),(4233,'20490','IE'),(4234,'20491','IE'),(4235,'20492','IE'),(4236,'9069573','KZ'),(4237,'9069572','KZ'),(4238,'9069571','KZ'),(4239,'9069577','BY'),(4240,'9069576','BY'),(4241,'9069575','BY'),(4242,'9069574','BY'),(4243,'20946','RU'),(4244,'20947','RU'),(4245,'1012166','SI'),(4246,'9062321','LV'),(4247,'9062320','LV'),(4248,'20648','JP'),(4249,'9069589','PR'),(4250,'9040901','FR'),(4251,'9069998','MU'),(4252,'2024','AO'),(4253,'9070201','LA'),(4254,'9070429','NA'),(4255,'9070421','ME'),(4256,'9070420','ME'),(4257,'9070424','SN'),(4258,'9061348','PH'),(4259,'9061349','PH'),(4260,'9061344','PH'),(4261,'9061345','PH'),(4262,'9061346','PH'),(4263,'9061347','PH'),(4264,'9061340','PH'),(4265,'9061341','PH'),(4266,'9061342','PH'),(4267,'9061343','PH'),(4268,'21044','TH'),(4269,'21045','TH'),(4270,'21046','TH'),(4271,'21047','TH'),(4272,'21040','TH'),(4273,'21041','TH'),(4274,'21042','TH'),(4275,'21043','TH'),(4276,'2292','GI'),(4277,'21388','ES'),(4278,'9047173','VN'),(4279,'9047170','VN'),(4280,'9047175','VN'),(4281,'9047179','VN'),(4282,'2562','NE'),(4283,'2566','NG'),(4284,'2368','IQ'),(4285,'2360','ID'),(4286,'21220','ZA'),(4287,'2586','PK'),(4288,'21222','ZA'),(4289,'9040349','VN'),(4290,'21226','BR'),(4291,'2580','MP'),(4292,'9040345','VN'),(4293,'21229','BR'),(4294,'9040347','VN'),(4295,'9040340','VN'),(4296,'9040342','VN'),(4297,'9069740','PA'),(4298,'9069741','PA'),(4299,'9069743','PA'),(4300,'9069744','PA'),(4301,'9069749','PA'),(4302,'20013','AR'),(4303,'20808','PE'),(4304,'20807','PE'),(4305,'20806','PE'),(4306,'20805','PE'),(4307,'2100','BG'),(4308,'20802','PE'),(4309,'20801','PE'),(4310,'20800','PE'),(4311,'20151','CH'),(4312,'20150','CH'),(4313,'20153','CL'),(4314,'20152','CL'),(4315,'20155','CL'),(4316,'20154','CL'),(4317,'20157','CL'),(4318,'20156','CL'),(4319,'20159','CL'),(4320,'20158','CL'),(4321,'2630','PR'),(4322,'20797','PE'),(4323,'20796','PE'),(4324,'21318','KR'),(4325,'21319','KR'),(4326,'20791','NZ'),(4327,'21314','NZ'),(4328,'21315','NZ'),(4329,'21316','IE'),(4330,'21310','NZ'),(4331,'21311','NZ'),(4332,'21312','NZ'),(4333,'21313','NZ'),(4334,'9040299','TW'),(4335,'2740','SR'),(4336,'9068565','FR'),(4337,'2032','AR'),(4338,'2031','AZ'),(4339,'2748','SZ'),(4340,'21549','NG'),(4341,'9040119','BG'),(4342,'9040125','BG'),(4343,'9040127','BG'),(4344,'9040121','BG'),(4345,'9040123','BG'),(4346,'9040122','BG'),(4347,'21558','NG'),(4348,'21559','NG'),(4349,'21552','NG'),(4350,'21553','NG'),(4351,'21550','NG'),(4352,'21551','NG'),(4353,'21556','NG'),(4354,'21557','NG'),(4355,'21554','NG'),(4356,'21555','NG'),(4357,'20977','RU'),(4358,'20976','RU'),(4359,'20975','RU'),(4360,'20974','RU'),(4361,'20972','RU'),(4362,'20971','RU'),(4363,'9040111','BG'),(4364,'20979','RU'),(4365,'20978','RU'),(4366,'21545','NG'),(4367,'9040115','BG'),(4368,'9040116','BG'),(4369,'9061565','EE'),(4370,'9069579','BY'),(4371,'20497','IE'),(4372,'2554','NZ'),(4373,'20205','CO'),(4374,'20204','CO'),(4375,'20207','CO'),(4376,'20206','CO'),(4377,'20201','CO'),(4378,'20200','CO'),(4379,'20203','CO'),(4380,'20202','CO'),(4381,'20209','CO'),(4382,'20208','CO'),(4383,'2558','NI'),(4384,'20139','CH'),(4385,'9069985','UG'),(4386,'20138','CH'),(4387,'9069962','PY'),(4388,'9041083','AE'),(4389,'9041082','AE'),(4390,'9040324','VN'),(4391,'9070431','AO'),(4392,'9070436','BN'),(4393,'2470','MT'),(4394,'21031','TH'),(4395,'21030','TH'),(4396,'21033','TH'),(4397,'21032','TH'),(4398,'21035','TH'),(4399,'21034','TH'),(4400,'21037','TH'),(4401,'21036','TH'),(4402,'21039','TH'),(4403,'21038','TH'),(4404,'9040318','TW'),(4405,'9047168','VN'),(4406,'2352','IS'),(4407,'2356','IN'),(4408,'9040359','VN'),(4409,'9040353','VN'),(4410,'9040351','VN'),(4411,'9040356','VN'),(4412,'9040354','VN'),(4413,'9040355','VN'),(4414,'21149','US'),(4415,'21148','US'),(4416,'21145','US'),(4417,'21144','US'),(4418,'21147','US'),(4419,'21146','US'),(4420,'21141','US'),(4421,'21140','US'),(4422,'9069773','DO'),(4423,'21142','US'),(4424,'2136','KY'),(4425,'2132','CV'),(4426,'20812','PE'),(4427,'20813','PE'),(4428,'20814','PE'),(4429,'20815','PE'),(4430,'20816','PE'),(4431,'20142','CH'),(4432,'20143','CH'),(4433,'20140','CH'),(4434,'20141','CH'),(4435,'20146','CH'),(4436,'20147','CH'),(4437,'20144','CH'),(4438,'20145','CH'),(4439,'2642','RO'),(4440,'2643','RU'),(4441,'2646','RW'),(4442,'20780','NO'),(4443,'20781','NO'),(4444,'21499','CZ'),(4445,'20783','NO'),(4446,'20784','NO'),(4447,'20785','NO'),(4448,'20786','NO'),(4449,'20787','NO'),(4450,'20788','NO'),(4451,'20789','NO'),(4452,'21363','TR'),(4453,'21362','TR'),(4454,'21497','CZ'),(4455,'21496','CZ'),(4456,'21495','CZ'),(4457,'21494','CZ'),(4458,'9056636','ID'),(4459,'9056637','ID'),(4460,'9056638','ID'),(4461,'9056639','ID'),(4462,'2004','AF'),(4463,'2008','AL'),(4464,'21567','NG'),(4465,'21566','NG'),(4466,'9040130','BG'),(4467,'21564','NG'),(4468,'21563','NG'),(4469,'21562','NG'),(4470,'21561','NG'),(4471,'21560','NG'),(4472,'9040139','BG'),(4473,'21569','NG'),(4474,'21568','NG'),(4475,'20856','PL'),(4476,'20960','RU'),(4477,'20961','RU'),(4478,'20962','RU'),(4479,'9069794','BD'),(4480,'9069793','BD'),(4481,'9069792','BD'),(4482,'9069791','LK'),(4483,'20967','RU'),(4484,'20968','RU'),(4485,'20969','RU'),(4486,'2174','KM'),(4487,'9062301','LT'),(4488,'9062300','LT'),(4489,'2600','PY'),(4490,'2826','GB'),(4491,'20216','CY'),(4492,'20217','CY'),(4493,'20215','CY'),(4494,'20210','CO'),(4495,'20211','CO'),(4496,'20218','CZ'),(4497,'20219','CZ'),(4498,'20662','JP'),(4499,'2608','PH'),(4500,'21457','SA'),(4501,'21456','SA'),(4502,'21327','KR'),(4503,'21326','KR'),(4504,'21321','KR'),(4505,'21452','SA'),(4506,'21323','KR'),(4507,'21322','KR'),(4508,'20102','BR'),(4509,'21328','KR'),(4510,'20100','BR'),(4511,'21458','EG'),(4512,'9061360','PK'),(4513,'9070080','NA'),(4514,'21020','SE'),(4515,'21026','TH'),(4516,'21027','TH'),(4517,'21025','TH'),(4518,'21028','TH'),(4519,'21029','TH'),(4520,'2344','HK'),(4521,'9061562','EE'),(4522,'9061563','EE'),(4523,'9061564','EE'),(4524,'2340','HN'),(4525,'9061566','EE'),(4526,'9061567','EE'),(4527,'9061568','EE'),(4528,'2348','HU'),(4529,'21158','US'),(4530,'21159','US'),(4531,'21156','US'),(4532,'9069763','DO'),(4533,'21154','US'),(4534,'21155','US'),(4535,'21152','US'),(4536,'21153','US'),(4537,'21150','US'),(4538,'21151','US'),(4539,'2120','CM'),(4540,'2124','CA'),(4541,'21484','EG'),(4542,'21485','EG'),(4543,'2659','KN'),(4544,'21487','TH'),(4545,'21480','EG'),(4546,'21481','EG'),(4547,'21482','EG'),(4548,'20178','CN'),(4549,'20177','CN'),(4550,'20176','CN'),(4551,'20175','CN'),(4552,'20174','CN'),(4553,'21488','TH'),(4554,'20172','CN'),(4555,'20171','CN'),(4556,'20170','CN'),(4557,'21378','TR'),(4558,'21379','TR'),(4559,'20779','NO'),(4560,'20778','NO'),(4561,'20775','NO'),(4562,'20774','NO'),(4563,'21370','TR'),(4564,'21371','TR'),(4565,'20771','NO'),(4566,'20770','NL'),(4567,'20773','NO'),(4568,'21375','TR'),(4569,'9056643','ID'),(4570,'9056642','ID'),(4571,'9056641','ID'),(4572,'9056640','ID'),(4573,'9056647','ID'),(4574,'9056646','ID'),(4575,'9056645','ID'),(4576,'9056648','ID'),(4577,'2016','AS'),(4578,'2012','DZ'),(4579,'20519','IL'),(4580,'20518','IL'),(4581,'21572','NG'),(4582,'21573','NG'),(4583,'21574','NG'),(4584,'21575','NG'),(4585,'21576','NG'),(4586,'21577','TR'),(4587,'21578','TR'),(4588,'21579','TR'),(4589,'20515','IL'),(4590,'20514','IL'),(4591,'20517','IL'),(4592,'20516','IL'),(4593,'9069542','QA'),(4594,'9040380','TW'),(4595,'9069540','LT'),(4596,'9069548','KW'),(4597,'9069784','LK'),(4598,'9069785','LK'),(4599,'9069786','LK'),(4600,'9069787','LK'),(4601,'9069783','LK'),(4602,'9069788','LK'),(4603,'9069789','LK'),(4604,'2900','XK'),(4605,'20425','HU'),(4606,'20424','HU'),(4607,'20427','HU'),(4608,'20426','HU'),(4609,'20421','HU'),(4610,'20420','HU'),(4611,'20422','HU'),(4612,'20429','HU'),(4613,'20428','HU'),(4614,'20191','CN'),(4615,'20190','CN'),(4616,'20193','CN'),(4617,'20192','CN'),(4618,'20199','CO'),(4619,'20198','CO'),(4620,'20876','PT'),(4621,'9062318','LV'),(4622,'9062319','LV'),(4623,'9062316','LV'),(4624,'9062317','LV'),(4625,'9062314','LV'),(4626,'9062315','LV'),(4627,'9062312','LV'),(4628,'9062313','LV'),(4629,'20875','PT'),(4630,'2430','LR'),(4631,'20872','PT'),(4632,'20038','AU'),(4633,'20873','PT'),(4634,'20870','PT'),(4635,'20707','MX'),(4636,'20659','JP'),(4637,'20226','DE'),(4638,'20229','DE'),(4639,'20228','DE'),(4640,'21157','US'),(4641,'21361','TR'),(4642,'20340','GB'),(4643,'9069891','TZ'),(4644,'9069896','SV'),(4645,'9069897','SV'),(4646,'9069899','SV'),(4647,'9070230','BJ'),(4648,'9070145','LY'),(4649,'20342','GB'),(4650,'20723','MX'),(4651,'21019','SE'),(4652,'21018','SE'),(4653,'21017','SE'),(4654,'21016','SE'),(4655,'21015','SE'),(4656,'21014','SE'),(4657,'21013','SE'),(4658,'21012','SE'),(4659,'21011','SE'),(4660,'21010','SE'),(4661,'9053442','IT'),(4662,'9053440','IT'),(4663,'9053441','IT'),(4664,'2332','HT'),(4665,'9047147','TH'),(4666,'21486','TH'),(4667,'21169','US'),(4668,'21168','US'),(4669,'21163','US'),(4670,'2716','ZW'),(4671,'21161','US'),(4672,'21160','US'),(4673,'21167','US'),(4674,'21166','US'),(4675,'21165','US'),(4676,'21164','US'),(4677,'20179','CN'),(4678,'2484','MX'),(4679,'21483','EG'),(4680,'2480','MU'),(4681,'2246','FI'),(4682,'2242','FJ'),(4683,'20168','CN'),(4684,'21346','RU'),(4685,'2466','ML'),(4686,'21342','IN'),(4687,'21341','IN'),(4688,'20160','CL'),(4689,'20173','CN'),(4690,'20162','CL'),(4691,'20163','CN'),(4692,'20164','CN'),(4693,'20165','CN'),(4694,'20166','CN'),(4695,'20167','CN'),(4696,'20768','NL'),(4697,'20769','NL'),(4698,'20766','NL'),(4699,'20767','NL'),(4700,'20764','NL'),(4701,'20765','NL'),(4702,'20762','NL'),(4703,'20763','NL'),(4704,'20760','NL'),(4705,'20761','NL'),(4706,'9056651','ID'),(4707,'2068','BO'),(4708,'2060','BM'),(4709,'9040338','VN'),(4710,'2796','TC'),(4711,'2795','TM'),(4712,'21372','TR'),(4713,'21373','TR'),(4714,'21581','UA'),(4715,'20777','NO'),(4716,'21582','UA'),(4717,'20698','MX'),(4718,'20776','NO'),(4719,'9062296','LT'),(4720,'21376','TR'),(4721,'20696','MX'),(4722,'20697','MX'),(4723,'20694','MX'),(4724,'21377','TR'),(4725,'21374','TR'),(4726,'20988','SA'),(4727,'20989','SA'),(4728,'20987','SA'),(4729,'20984','RU'),(4730,'20772','NO'),(4731,'20982','RU'),(4732,'20983','RU'),(4733,'20980','RU'),(4734,'20981','RU'),(4735,'20436','ID'),(4736,'20341','GB'),(4737,'20434','HU'),(4738,'20435','HU'),(4739,'20432','HU'),(4740,'20433','HU'),(4741,'20430','HU'),(4742,'20431','HU'),(4743,'20631','JP'),(4744,'20438','ID'),(4745,'20439','ID'),(4746,'20186','CN'),(4747,'20187','CN'),(4748,'20184','CN'),(4749,'20185','CN'),(4750,'20182','CN'),(4751,'20183','CN'),(4752,'20180','CN'),(4753,'20181','CN'),(4754,'20188','CN'),(4755,'20189','CN'),(4756,'2800','UG'),(4757,'2807','MK'),(4758,'2804','UA'),(4759,'20238','DE'),(4760,'20239','DE'),(4761,'20234','DE'),(4762,'20235','DE'),(4763,'20236','DE'),(4764,'20237','DE'),(4765,'20230','DE'),(4766,'2404','KE'),(4767,'20232','DE'),(4768,'20233','DE'),(4769,'9062565','SI'),(4770,'9062564','SI'),(4771,'9062566','SI'),(4772,'9062561','SI'),(4773,'9062560','SI'),(4774,'9062563','SI'),(4775,'9062562','SI'),(4776,'9062569','SI'),(4777,'9062568','SI'),(4778,'2400','JO'),(4779,'20450','ID'),(4780,'20907','RO'),(4781,'9070398','KH'),(4782,'20905','RO'),(4783,'20902','RO'),(4784,'9069935','GP'),(4785,'20903','RO'),(4786,'20900','RO'),(4787,'20457','IN'),(4788,'9070176','MG'),(4789,'9070179','MG'),(4790,'9070178','MG'),(4791,'9069842','GE'),(4792,'9069841','GE'),(4793,'21570','NG'),(4794,'21571','NG'),(4795,'21008','SE'),(4796,'21009','SE'),(4797,'21000','SE'),(4798,'21001','SE'),(4799,'21002','SE'),(4800,'21003','SE'),(4801,'21004','SE'),(4802,'21005','SE'),(4803,'21006','SE'),(4804,'21007','SE'),(4805,'21228','BR'),(4806,'2320','GT'),(4807,'2324','GN'),(4808,'2328','GY'),(4809,'21174','US'),(4810,'21175','US'),(4811,'21176','US'),(4812,'21177','US'),(4813,'21170','US'),(4814,'21171','US'),(4815,'21172','US'),(4816,'21173','US'),(4817,'9047198','IE'),(4818,'21178','US'),(4819,'21179','US'),(4820,'2499','ME'),(4821,'2498','MD'),(4822,'2496','MN'),(4823,'2258','PF'),(4824,'2254','GF'),(4825,'2250','FR'),(4826,'21351','RU'),(4827,'2474','MQ'),(4828,'21354','TR'),(4829,'21355','TR'),(4830,'21356','TR'),(4831,'21357','TR'),(4832,'21358','TR'),(4833,'21359','TR'),(4834,'2478','MR'),(4835,'20759','NL'),(4836,'20751','MY'),(4837,'20750','MY'),(4838,'2784','AE'),(4839,'2788','TN'),(4840,'2072','BW'),(4841,'2070','BA'),(4842,'2076','BR'),(4843,'2670','VC'),(4844,'2678','ST'),(4845,'20407','HR'),(4846,'20409','HR'),(4847,'20408','HR'),(4848,'2818','EG'),(4849,'9068898','FR'),(4850,'9068897','FR'),(4851,'9068896','FR'),(4852,'9068895','FR'),(4853,'20241','DE'),(4854,'20240','DE'),(4855,'20243','DK'),(4856,'20245','DK'),(4857,'20722','MX'),(4858,'21221','ZA'),(4859,'2585','PW'),(4860,'20721','MX'),(4861,'20726','MX'),(4862,'20724','MX'),(4863,'21227','BR'),(4864,'21383','TR'),(4865,'21382','TR'),(4866,'2422','LB'),(4867,'9070385','TZ'),(4868,'9047098','AE'),(4869,'21386','ES'),(4870,'2426','LS'),(4871,'9069925','MD'),(4872,'20877','PT');
/*!40000 ALTER TABLE `adwordsGeo` ENABLE KEYS */;
UNLOCK TABLES;

--
-- Table structure for table `alembic_version`
--

DROP TABLE IF EXISTS `alembic_version`;
/*!40101 SET @saved_cs_client     = @@character_set_client */;
/*!40101 SET character_set_client = utf8 */;
CREATE TABLE `alembic_version` (
  `version_num` varchar(32) NOT NULL
) ENGINE=InnoDB DEFAULT CHARSET=utf8;
/*!40101 SET character_set_client = @saved_cs_client */;

--
-- Dumping data for table `alembic_version`
--

LOCK TABLES `alembic_version` WRITE;
/*!40000 ALTER TABLE `alembic_version` DISABLE KEYS */;
INSERT INTO `alembic_version` VALUES ('6794bb22e6cc');
/*!40000 ALTER TABLE `alembic_version` ENABLE KEYS */;
UNLOCK TABLES;

--
-- Table structure for table `campaignAppName`
--

DROP TABLE IF EXISTS `campaignAppName`;
/*!40101 SET @saved_cs_client     = @@character_set_client */;
/*!40101 SET character_set_client = utf8 */;
CREATE TABLE `campaignAppName` (
  `id` int(11) NOT NULL AUTO_INCREMENT,
  `campaignId` varchar(100) NOT NULL,
  `campaignName` varchar(150) NOT NULL,
  `appId` varchar(100) NOT NULL,
  `appName` varchar(100) NOT NULL,
  `optName` varchar(100) NOT NULL,
  PRIMARY KEY (`id`)
) ENGINE=InnoDB AUTO_INCREMENT=28 DEFAULT CHARSET=utf8;
/*!40101 SET character_set_client = @saved_cs_client */;

--
-- Dumping data for table `campaignAppName`
--

LOCK TABLES `campaignAppName` WRITE;
/*!40000 ALTER TABLE `campaignAppName` DISABLE KEYS */;
INSERT INTO `campaignAppName` VALUES (1,'13305425','S 01-YummyCookie-US-C160 20161214','1137536750','Yummy Cookie',''),(2,'13202695','S 03-Solitaire-C100 20161214','1140351199','Solitaire',''),(3,'13078921','S 02-Solitaire-US C100-20161210','1140351199','Solitaire',''),(4,'12873901','S 01-solitaire-US-C120-20161208','1140351199','Solitaire',''),(5,'9433232','S 01-20161011-060','1144022673','Warship Age',''),(6,'9812154','S-02-8000 likes-US-060-C070-1019','1068054051','8000 Likes & Followers for Instagram - get Likes',''),(7,'9810678','S-01-8000 Likes-US-060-C050-1019','1068054051','8000 Likes & Followers for Instagram - get Likes',''),(8,'10240101','S-03-8000 likes-US-060-C090-1024','1068054051','8000 Likes & Followers for Instagram - get Likes',''),(9,'10216591','S-02-2000 fans-US-C080-1024','1101621736','2000 Followers & Likes for Instagram - Get Likes',''),(10,'10188275','S-01-2000 fans-US-C100-1024','1101621736','2000 Followers & Likes for Instagram - Get Likes',''),(11,'10363081','S-01-6000 likes-US-C050-1026','1078535188','6000 Followers & Likes for Instagram - Super Likes',''),(12,'10359764','S-02-6000 likes-US-C070-1026','1078535188','6000 Followers & Likes for Instagram - Super Likes',''),(13,'10579387','S-02-Warship Age-C090-20161031','1144022673','Warship Age',''),(14,'10626126','S-02-9000 likes-US-C080-1101','1069830240','9000 Likes & Followers for Instagram - Super likes',''),(15,'10624742','S-03-6000 likes-US-C110-1101','1078535188','6000 Followers & Likes for Instagram - Super Likes',''),(16,'10624683','S-01-9000 likes-US-C120-1101','1069830240','9000 Likes & Followers for Instagram - Super likes',''),(17,'10793786','S-03-Warship Age-C010-20161103','1144022673','Warship Age',''),(18,'10785585','S-04-Warship Age-C130-20161103','1144022673','Warship Age',''),(19,'11765644','S-1000 likes&Followers-US-C110-20161123','1089061442','1000 Likes & Followers for Instagram - More likes',''),(20,'11745287','S-1000K Likes  -US-C120-20161123','1133579048','1000K Likes for Instagram - More Followers & views',''),(21,'12535388','S-01-1000 Followers & likes-US-070-C095-1206','1133574146','1000 Followers & likes for Instagram - Free Likes',''),(22,'12840221','Virally.Video_Alice_1208','1149308012','Virally.video',''),(23,'12838484','S-01-virallyvideo-mb-us-1208','1149308012','Virally.video',''),(24,'13308761','S 01-Runtopia-C120-US 20161214','1022748905','Runtopia - GPS run tracker & runners club',''),(25,'13187220','S 02-Runtopia-US-C110 20161214','1022748905','Runtopia - GPS run tracker & runners club',''),(26,'14026543','02 LiveChat-US-C100-F 20161220','1150354351','Live Chat-Meet new people&Video Chat,Messenger',''),(27,'14024061','01 LiveChat-US-C100-M 20161220','1150354351','Live Chat-Meet new people&Video Chat,Messenger','');
/*!40000 ALTER TABLE `campaignAppName` ENABLE KEYS */;
UNLOCK TABLES;

--
-- Table structure for table `campaignRelations`
--

DROP TABLE IF EXISTS `campaignRelations`;
/*!40101 SET @saved_cs_client     = @@character_set_client */;
/*!40101 SET character_set_client = utf8 */;
CREATE TABLE `campaignRelations` (
  `id` int(11) NOT NULL AUTO_INCREMENT,
  `campaignId` varchar(100) NOT NULL,
  `campaignName` varchar(150) NOT NULL,
  `account_id` varchar(100) NOT NULL,
  `optName` varchar(100) NOT NULL,
  `account_name` varchar(100) NOT NULL,
  PRIMARY KEY (`id`)
) ENGINE=InnoDB AUTO_INCREMENT=75 DEFAULT CHARSET=utf8;
/*!40101 SET character_set_client = @saved_cs_client */;

--
-- Dumping data for table `campaignRelations`
--

LOCK TABLES `campaignRelations` WRITE;
/*!40000 ALTER TABLE `campaignRelations` DISABLE KEYS */;
INSERT INTO `campaignRelations` VALUES (1,'6076831156809','solosystem_Mico_TH_iOS_JK66_0.6_0210_pics','522827404565756','',''),(2,'6076830575409','solosystem_Mico_TH_iOS_JK66_0.6_0210_Video','522827404565756','',''),(3,'6076830357409','solosystem_Mico_TH_iOS_JK66_0.6_0210_pic20','522827404565756','',''),(4,'6076755910809','solosystem_Mico_TH_iOS_JK66_0.6_0209_Video','522827404565756','',''),(5,'6076755316209','solosystem_Mico_TH_iOS_JK66_0.6_0209_pic18','522827404565756','',''),(6,'6076675689809','solosystem_Mico_iOS_TH_0.6_DJZ66_0208_F','522827404565756','',''),(7,'6076621817409','solosystem_Mico_TH_iOS_oygd66_0.6_0207_4','522827404565756','',''),(8,'6076621733409','solosystem_Mico_TH_iOS_oygd66_0.6_0207_3','522827404565756','',''),(9,'6076621317409','solosystem_Mico_TH_iOS_oygd66_0.6_0207_2','522827404565756','',''),(10,'6076620905609','solosystem_Mico_TH_iOS_oygd66_0.6_0207_1','522827404565756','',''),(11,'6076612818809','solosystem_Mico_0207_TH_iOS_DJZ66_0.6_City3','522827404565756','',''),(12,'6076612465209','solosystem_Mico_0207_TH_iOS_DJZ66_0.6_City2','522827404565756','',''),(13,'6076611279209','solosystem_Mico_TH_iOS_DJZ66_0.6_0207_City1','522827404565756','',''),(14,'6076610956809','solosystem_Mico_iOS_TH_0.6_DJZ66_0207_V','522827404565756','',''),(15,'6076610438809','solosystem_Mico_iOS_TH_0.6_DJZ66_0207_Age','522827404565756','',''),(16,'6076609681409','solosystem_Mico_iOS_TH_0.6_DJZ66_0207_Interest','522827404565756','',''),(17,'6070820572663','solosystem_luckybuyer_CA_oygd66_0206_1','989622114469197','',''),(18,'6070820159063','solosystem_luckybuyer_AE_oygd66_0206_1','989622114469197','',''),(19,'6070814743063','solosystem_luckybuyer_SA_oygd66_0206_1','989622114469197','',''),(20,'6069346678063','solosystem_luckybuyer_MY_oygd66_0122_1','989622114469197','',''),(21,'6077913432009','solosystem_Mico_iOS_TH_JK66_0.6_0223_pics_test03_M','522827404565756','',''),(22,'6077911634009','solosystem_Mico_iOS_TH_JK66_0.6_0223_pics_test02_F','522827404565756','',''),(23,'6077911436009','solosystem_Mico_iOS_TH_JK66_0.6_0223_pics_test01_M','522827404565756','',''),(24,'6077907958809','solosystem_Mico_iOS_TH_0.6_DJZ66_0223_All','522827404565756','',''),(25,'6077907807009','solosystem_Mico_iOS_TH_0.6_DJZ66_0223_M3','522827404565756','',''),(26,'6077907161609','solosystem_Mico_iOS_TH_0.6_DJZ66_0223_M2','522827404565756','',''),(27,'6077906961609','solosystem_Mico_iOS_TH_0.6_DJZ66_0223_M1','522827404565756','',''),(28,'6077906501009','solosystem_Mico_iOS_TH_0.6_DJZ66_0223_F','522827404565756','',''),(29,'6077847577209','solosystem_Mico_iOS_TH_0.6_OYGD66_0222_All_3','522827404565756','',''),(30,'6077842321009','solosystem_Mico_iOS_TH_0.6_OYGD66_0222_All_1_CPA','522827404565756','',''),(31,'6077811598409','solosystem_Mico_iOS_TH_JK66_0.6_0222_pics_test_F','522827404565756','',''),(32,'6077807470409','solosystem_Mico_iOS_TH_0.6_DJZ66_0222_ML','522827404565756','',''),(33,'6077807470009','solosystem_Mico_iOS_TH_0.6_DJZ66_0222_FL','522827404565756','',''),(34,'6077745151609','solosystem_Mico_iOS_TH_0.6_OYGD66_0221_All_3','522827404565756','',''),(35,'6077742313809','solosystem_Mico_iOS_TH_0.6_OYGD66_0221_All_2','522827404565756','',''),(36,'6077738260809','solosystem_Mico_iOS_TH_0.6_OYGD66_0221_All_1','522827404565756','',''),(37,'6077711457609','solosystem_Mico_iOS_TH_JK66_0.6_0221_pics_test_F','522827404565756','',''),(38,'6077710986009','solosystem_Mico_iOS_TH_0.6_DJZ66_0221_M','522827404565756','',''),(39,'6077710985409','solosystem_Mico_iOS_TH_0.6_DJZ66_0221_F','522827404565756','',''),(40,'6077710837009','solosystem_Mico_iOS_TH_JK66_0.6_0221_pics_test','522827404565756','',''),(41,'6077626172209','solosystem_Mico_iOS_TH_JK66_0.6_0220_pics_test03','522827404565756','',''),(42,'6077622745209','solosystem_Mico_iOS_TH_JK66_0.6_0220_pics_test02','522827404565756','',''),(43,'6077622324209','solosystem_Mico_iOS_TH_JK66_0.6_0220_pics_test01','522827404565756','',''),(44,'6077620182009','solosystem_Mico_iOS_TH_0.6_DJZ66_0220_M3','522827404565756','',''),(45,'6077620130009','solosystem_Mico_iOS_TH_0.6_DJZ66_0220_M2','522827404565756','',''),(46,'6071844246463','solosystem_luckybuyer_Android_MY_oygd66_0217_1','989622114469197','',''),(47,'6069346678063','solosystem_luckybuyer_Android_MY_oygd66_0122_1','989622114469197','',''),(48,'23842598153710109','solosystem_constellation3065_Android_TH_0.40_JK66_0227_xingpan2_cpa','1194643357300404','',''),(49,'23842598149290109','solosystem_constellation3065_Android_TH_0.40_JK66_0301_cpa_bihua','1194643357300404','',''),(50,'23842598137280109','solosystem_constellation3065_Android_TH_0.40_JK66_0301_cpa','1194643357300404','',''),(51,'23842597375370109','solosystem_learning1842_Android_TH_0.4_MB66_0227_max','1194643357300404','',''),(52,'23842597353460109','solosystem_constellation3065_Android_TH_0.40_JK66_0227_pic_test','1194643357300404','',''),(53,'23842597348500109','solosystem_constellation3065_Android_TH_0.40_JK66_0227_pic','1194643357300404','',''),(54,'23842597312500109','solosystem_constellation3065_Android_TH_0.40_JK66_0227_xingpan2','1194643357300404','',''),(55,'23842597310190109','solosystem_constellation3065_Android_TH_0.40_JK66_0227_xingpan1','1194643357300404','',''),(56,'23842597225460109','solosystem_Musicbox8768_Android_PL_0.4_MB66_0227_cpa','1194643357300404','',''),(57,'23842596497130109','solosystem_constellation3065_Android_TH_0.40_JK66_0224_test','1194643357300404','',''),(58,'23842595875490109','solosystem_constellation3065_Android_TH_0.40_OYGD66_0223_test02','1194643357300404','',''),(59,'23842595866120109','solosystem_constellation3065_Android_TH_0.40_OYGD66_0223_test01','1194643357300404','',''),(60,'23842595820070109','solosystem_Musicbox8768_Android_PL_0.4_OYGD66_0223','1194643357300404','',''),(61,'23842595798210109','solosystem_learning1842_Android_TH_0.4_OYGD66_0223_test_4','1194643357300404','',''),(62,'23842595796840109','solosystem_learning1842_Android_TH_0.4_OYGD66_0223_test_3','1194643357300404','',''),(63,'23842595788050109','solosystem_learning1842_Android_TH_0.4_OYGD66_0223_test_2','1194643357300404','',''),(64,'23842595778680109','solosystem_constellation3065_Android_TH_0.40_JK66_0223_test','1194643357300404','',''),(65,'23842595765180109','solosystem_learning1842_Android_TH_0.4_OYGD66_0223_test_1','1194643357300404','',''),(66,'23842595214040109','solosystem_constellation3065_Android_TH_0.40_JK66_0222_test02','1194643357300404','',''),(67,'23842595195270109','solosystem_constellation3065_Android_TH_0.40_JK66_0222_test01','1194643357300404','',''),(68,'23842595113540109','solosystem_Musicbox8768_Android_PL_0.4_MB66_0222_cpa','1194643357300404','',''),(69,'23842594342690109','solosystem_learning1842_Android_TH_0.4_MB66_0221_test','1194643357300404','',''),(70,'23842594340110109','solosystem_constellation3065_Android_TH_0.40_JK66_0221','1194643357300404','',''),(71,'23842594135060109','solosystem_Musicbox8768_Android_PL_0.4_MB66_0221_cpa','1194643357300404','',''),(72,'23842589654300109','solosystem_Musicbox8768_Android_PL_0.4_MB66_0215','1194643357300404','',''),(73,'23842588133850109','solosystem_Musicbox8768_Android_PL_0.4_MB66_0214_max','1194643357300404','',''),(74,'23842588130620109','solosystem_FunnyCamera1263_Android_PL_0.40_DJZ66_0214','1194643357300404','','');
/*!40000 ALTER TABLE `campaignRelations` ENABLE KEYS */;
UNLOCK TABLES;

--
-- Table structure for table `cooperationPer`
--

DROP TABLE IF EXISTS `cooperationPer`;
/*!40101 SET @saved_cs_client     = @@character_set_client */;
/*!40101 SET character_set_client = utf8 */;
CREATE TABLE `cooperationPer` (
  `id` int(11) NOT NULL AUTO_INCREMENT,
  `offer_id` int(11) NOT NULL,
  `platform` varchar(100) NOT NULL,
  `contract_type` varchar(100) NOT NULL,
  `contract_scale` float DEFAULT NULL,
  `date` varchar(100) NOT NULL,
  `createdTime` varchar(100) NOT NULL,
  PRIMARY KEY (`id`),
  KEY `offer_id` (`offer_id`)
) ENGINE=InnoDB AUTO_INCREMENT=22 DEFAULT CHARSET=utf8;
/*!40101 SET character_set_client = @saved_cs_client */;

--
-- Dumping data for table `cooperationPer`
--

LOCK TABLES `cooperationPer` WRITE;
/*!40000 ALTER TABLE `cooperationPer` DISABLE KEYS */;
INSERT INTO `cooperationPer` VALUES (17,29,'facebook','1',15,'2017-03-02','2017-03-02 17:53:19'),(18,29,'facebook','1',5252,'2017-04-06','2017-03-02 17:54:18'),(19,30,'apple','1',2,'2017-03-03','2017-03-02 18:15:16'),(20,30,'apple','1',10,'2017-03-11','2017-03-02 18:15:16'),(21,30,'apple','1',23,'2017-03-13','2017-03-02 18:15:16');
/*!40000 ALTER TABLE `cooperationPer` ENABLE KEYS */;
UNLOCK TABLES;

--
-- Table structure for table `country`
--

DROP TABLE IF EXISTS `country`;
/*!40101 SET @saved_cs_client     = @@character_set_client */;
/*!40101 SET character_set_client = utf8 */;
CREATE TABLE `country` (
  `id` int(11) NOT NULL AUTO_INCREMENT,
  `shorthand` varchar(100) NOT NULL,
  `british` varchar(100) NOT NULL,
  `chinese` varchar(100) NOT NULL,
  PRIMARY KEY (`id`)
) ENGINE=InnoDB AUTO_INCREMENT=248 DEFAULT CHARSET=utf8;
/*!40101 SET character_set_client = @saved_cs_client */;

--
-- Dumping data for table `country`
--

LOCK TABLES `country` WRITE;
/*!40000 ALTER TABLE `country` DISABLE KEYS */;
INSERT INTO `country` VALUES (1,'AD','Andorra',''),(2,'AE','United Arab Emirates',''),(3,'AF','Afghanistan',''),(4,'AG','Antigua & Barbuda',''),(5,'AI','Anguilla',''),(6,'AL','Albania',''),(7,'AM','Armenia',''),(8,'AO','Angola',''),(9,'AQ','Antarctica',''),(10,'AR','Argentina',''),(11,'AS','American Samoa',''),(12,'AT','Austria',''),(13,'AU','Australia',''),(14,'AW','Aruba',''),(15,'AX','?aland Island',''),(16,'AZ','Azerbaijan',''),(17,'BA','Bosnia & Herzegovina',''),(18,'BB','Barbados',''),(19,'BD','Bangladesh',''),(20,'BE','Belgium',''),(21,'BF','Burkina',''),(22,'BG','Bulgaria',''),(23,'BH','Bahrain',''),(24,'BI','Burundi',''),(25,'BJ','Benin',''),(26,'BL','Saint Barthlemy',''),(27,'BM','Bermuda',''),(28,'BN','Brunei',''),(29,'BO','Bolivia',''),(30,'BQ','Caribbean Netherlands',''),(31,'BR','Brazil',''),(32,'BS','The Bahamas',''),(33,'BT','Bhutan',''),(34,'BV','Bouvet Island',''),(35,'BW','Botswana',''),(36,'BY','Belarus',''),(37,'BZ','Belize',''),(38,'CA','Canada',''),(39,'CC','Cocos (Keeling) Islands',''),(40,'CF','Central African Republic',''),(41,'CH','Switzerland',''),(42,'CL','Chile',''),(43,'CM','Cameroon',''),(44,'CO','Colombia',''),(45,'CR','Costa Rica',''),(46,'CU','Cuba',''),(47,'CV','Cape Verde',''),(48,'CX','Christmas Island',''),(49,'CY','Cyprus',''),(50,'CZ','Czech Republic',''),(51,'DE','Germany',''),(52,'DJ','Djibouti',''),(53,'DK','Denmark',''),(54,'DM','Dominica',''),(55,'DO','Dominican Republic',''),(56,'DZ','Algeria',''),(57,'EC','Ecuador',''),(58,'EE','Estonia',''),(59,'EG','Egypt',''),(60,'EH','Western Sahara',''),(61,'ER','Eritrea',''),(62,'ES','Spain',''),(63,'FI','Finland',''),(64,'FJ','Fiji',''),(65,'FK','Falkland Islands',''),(66,'FM','Federated States of Micronesia',''),(67,'FO','Faroe Islands',''),(68,'FR','France',''),(69,'GA','Gabon',''),(70,'GD','Grenada',''),(71,'GE','Georgia',''),(72,'GF','French Guiana',''),(73,'GH','Ghana',''),(74,'GI','Gibraltar',''),(75,'GL','Greenland',''),(76,'GN','Guinea',''),(77,'GP','Guadeloupe',''),(78,'GQ','Equatorial Guinea',''),(79,'GR','Greece',''),(80,'GS','South Georgia and the South Sandwich Islands',''),(81,'GT','Guatemala',''),(82,'GU','Guam',''),(83,'GW','Guinea-Bissau',''),(84,'GY','Guyana',''),(85,'HK','Hong Kong',''),(86,'HM','Heard Island and McDonald Islands',''),(87,'HN','Honduras',''),(88,'HR','Croatia',''),(89,'HT','Haiti',''),(90,'HU','Hungary',''),(91,'ID','Indonesia',''),(92,'IE','Ireland',''),(93,'IL','Israel',''),(94,'IM','Isle of Man',''),(95,'IN','India',''),(96,'IO','British Indian Ocean Territory',''),(97,'IQ','Iraq',''),(98,'IR','Iran',''),(99,'IS','Iceland',''),(100,'IT','Italy',''),(101,'JE','Jersey',''),(102,'JM','Jamaica',''),(103,'JO','Jordan',''),(104,'JP','Japan',''),(105,'KH','Cambodia',''),(106,'KI','Kiribati',''),(107,'KM','The Comoros',''),(108,'KW','Kuwait',''),(109,'KY','Cayman Islands',''),(110,'LB','Lebanon',''),(111,'LI','Liechtenstein',''),(112,'LK','Sri Lanka',''),(113,'LR','Liberia',''),(114,'LS','Lesotho',''),(115,'LT','Lithuania',''),(116,'LU','Luxembourg',''),(117,'LV','Latvia',''),(118,'LY','Libya',''),(119,'MA','Morocco',''),(120,'MC','Monaco',''),(121,'MD','Moldova',''),(122,'ME','Montenegro',''),(123,'MF','Saint Martin (France)',''),(124,'MG','Madagascar',''),(125,'MH','Marshall islands',''),(126,'MK','Republic of Macedonia (FYROM)',''),(127,'ML','Mali',''),(128,'MM','Myanmar (Burma)',''),(129,'MO','Macao',''),(130,'MQ','Martinique',''),(131,'MR','Mauritania',''),(132,'MS','Montserrat',''),(133,'MT','Malta',''),(134,'MV','Maldives',''),(135,'MW','Malawi',''),(136,'MX','Mexico',''),(137,'MY','Malaysia',''),(138,'NA','Namibia',''),(139,'NE','Niger',''),(140,'NF','Norfolk Island',''),(141,'NG','Nigeria',''),(142,'NI','Nicaragua',''),(143,'NL','Netherlands',''),(144,'NO','Norway',''),(145,'NP','Nepal',''),(146,'NR','Nauru',''),(147,'OM','Oman',''),(148,'PA','Panama',''),(149,'PE','Peru',''),(150,'PF','French polynesia',''),(151,'PG','Papua New Guinea',''),(152,'PH','The Philippines',''),(153,'PK','Pakistan',''),(154,'PL','Poland',''),(155,'PN','Pitcairn Islands',''),(156,'PR','Puerto Rico',''),(157,'PS','Palestinian territories',''),(158,'PW','Palau',''),(159,'PY','Paraguay',''),(160,'QA','Qatar',''),(161,'RE','Runion',''),(162,'RO','Romania',''),(163,'RS','Serbia',''),(164,'RU','Russian Federation',''),(165,'RW','Rwanda',''),(166,'SB','Solomon Islands',''),(167,'SC','Seychelles',''),(168,'SD','Sudan',''),(169,'SE','Sweden',''),(170,'SG','Singapore',''),(171,'SI','Slovenia',''),(172,'SJ','Template:Country data SJM Svalbard',''),(173,'SK','Slovakia',''),(174,'SL','Sierra Leone',''),(175,'SM','San Marino',''),(176,'SN','Senegal',''),(177,'SO','Somalia',''),(178,'SR','Suriname',''),(179,'SS','South Sudan',''),(180,'ST','Sao Tome & Principe',''),(181,'SV','El Salvador',''),(182,'SY','Syria',''),(183,'SZ','Swaziland',''),(184,'TC','Turks & Caicos Islands',''),(185,'TD','Chad',''),(186,'TG','Togo',''),(187,'TH','Thailand',''),(188,'TK','Tokelau',''),(189,'TL','Timor-Leste (East Timor)',''),(190,'TN','Tunisia',''),(191,'TO','Tonga',''),(192,'TR','Turkey',''),(193,'TV','Tuvalu',''),(194,'TZ','Tanzania',''),(195,'UA','Ukraine',''),(196,'UG','Uganda',''),(197,'US','United States of America (USA)',''),(198,'UY','Uruguay',''),(199,'VA','Vatican City (The Holy See)',''),(200,'VE','Venezuela',''),(201,'VG','British Virgin Islands',''),(202,'VI','United States Virgin Islands',''),(203,'VN','Vietnam',''),(204,'WF','Wallis and Futuna',''),(205,'WS','Samoa',''),(206,'YE','Yemen',''),(207,'YT','Mayotte',''),(208,'ZA','South Africa',''),(209,'ZM','Zambia',''),(210,'ZW','Zimbabwe',''),(211,'CN','China',''),(212,'CG','Republic of the Congo',''),(213,'CD','Democratic Republic of the Congo',''),(214,'MZ','Mozambique',''),(215,'GG','Guernsey',''),(216,'GM','Gambia',''),(217,'MP','Northern Mariana Islands',''),(218,'ET','Ethiopia',''),(219,'NC','New Caledonia',''),(220,'VU','Vanuatu',''),(221,'TF','French Southern Territories',''),(222,'NU','Niue',''),(223,'UM','United States Minor Outlying Islands',''),(224,'CK','Cook Islands',''),(225,'GB','Great Britain (United Kingdom; England)',''),(226,'TT','Trinidad & Tobago',''),(227,'VC','St. Vincent & the Grenadines',''),(228,'TW','Taiwan',''),(229,'NZ','New Zealand',''),(230,'SA','Saudi Arabia',''),(231,'LA','Laos',''),(232,'KP','North Korea',''),(233,'KR','South Korea',''),(234,'PT','Portugal',''),(235,'KG','Kyrgyzstan',''),(236,'KZ','Kazakhstan',''),(237,'TJ','Tajikistan',''),(238,'TM','Turkmenistan',''),(239,'UZ','Uzbekistan',''),(240,'KN','St. Kitts & Nevis',''),(241,'PM','Saint-Pierre and Miquelon',''),(242,'SH','St. Helena & Dependencies',''),(243,'LC','St. Lucia',''),(244,'MU','Mauritius',''),(245,'CI','C?te d\'Ivoire',''),(246,'KE','Kenya',''),(247,'MN','Mongolia','');
/*!40000 ALTER TABLE `country` ENABLE KEYS */;
UNLOCK TABLES;

--
-- Table structure for table `customers`
--

DROP TABLE IF EXISTS `customers`;
/*!40101 SET @saved_cs_client     = @@character_set_client */;
/*!40101 SET character_set_client = utf8 */;
CREATE TABLE `customers` (
  `id` int(11) NOT NULL AUTO_INCREMENT,
  `customer_code` varchar(100) NOT NULL,
  `company_name` varchar(100) NOT NULL,
  `company_address` varchar(100) NOT NULL,
  `comment` varchar(100) NOT NULL,
  `last_datetime` datetime DEFAULT NULL,
  `status` varchar(100) NOT NULL,
  `bank_account` varchar(100) NOT NULL,
  `concordat_code` varchar(100) NOT NULL,
  PRIMARY KEY (`id`),
  UNIQUE KEY `company_name` (`company_name`),
  UNIQUE KEY `customer_code` (`customer_code`)
) ENGINE=InnoDB AUTO_INCREMENT=12 DEFAULT CHARSET=utf8;
/*!40101 SET character_set_client = @saved_cs_client */;

--
-- Dumping data for table `customers`
--

LOCK TABLES `customers` WRITE;
/*!40000 ALTER TABLE `customers` DISABLE KEYS */;
INSERT INTO `customers` VALUES (1,'CBF2739E','1','1','','2017-01-11 05:43:13','Created','',''),(2,'AB6CAEF8','2','2','2','2017-01-09 06:46:18','Deleted','',''),(3,'B394AE1E','456546','45434klj.lbkj','adsfasd','2017-01-09 06:46:18','Deleted','',''),(4,'2DBA9232','aewsda','','','2017-01-09 07:57:24','Created','',''),(5,'1991C6CC','2','2','2','2017-01-09 08:56:09','Created','',''),(6,'624FD37C','1','1','1','2017-01-09 08:55:59','Created','',''),(7,'6C03C748','3','3','3','2017-01-09 08:56:28','Created','',''),(8,'A3A30760','','','','2017-01-11 05:43:37','Created','',''),(9,'DD8A1C3E','liu xin','add','aa','2017-01-23 02:44:19','Created','',''),(10,'498778B4','Talefun Technology LTD()','asas','as','2017-01-23 03:21:59','Created','',''),(11,'BDC1D66A','12','12','12','2017-02-28 03:03:41','Created','','');
/*!40000 ALTER TABLE `customers` ENABLE KEYS */;
UNLOCK TABLES;

--
-- Table structure for table `dataDetail`
--

DROP TABLE IF EXISTS `dataDetail`;
/*!40101 SET @saved_cs_client     = @@character_set_client */;
/*!40101 SET character_set_client = utf8 */;
CREATE TABLE `dataDetail` (
  `id` int(11) NOT NULL AUTO_INCREMENT,
  `offer_id` int(11) DEFAULT NULL,
  `account_id` varchar(100) NOT NULL,
  `campaignId` varchar(100) NOT NULL,
  `type` varchar(100) NOT NULL,
  `revenue` float DEFAULT NULL,
  `profit` float DEFAULT NULL,
  `cost` float DEFAULT NULL,
  `impressions` int(11) DEFAULT NULL,
  `clicks` int(11) DEFAULT NULL,
  `conversions` int(11) DEFAULT NULL,
  `ctr` float DEFAULT NULL,
  `cvr` float DEFAULT NULL,
  `cpc` float DEFAULT NULL,
  `cpi` float DEFAULT NULL,
  `date` varchar(100) DEFAULT NULL,
  `country` varchar(100) DEFAULT NULL,
  `rebate` float DEFAULT NULL,
  `optName` varchar(100) DEFAULT NULL,
  `updateTime` varchar(100) DEFAULT NULL,
  PRIMARY KEY (`id`),
  KEY `offer_id` (`offer_id`),
  CONSTRAINT `dataDetail_ibfk_1` FOREIGN KEY (`offer_id`) REFERENCES `offer` (`id`)
) ENGINE=InnoDB DEFAULT CHARSET=utf8;
/*!40101 SET character_set_client = @saved_cs_client */;

--
-- Dumping data for table `dataDetail`
--

LOCK TABLES `dataDetail` WRITE;
/*!40000 ALTER TABLE `dataDetail` DISABLE KEYS */;
/*!40000 ALTER TABLE `dataDetail` ENABLE KEYS */;
UNLOCK TABLES;

--
-- Table structure for table `dataSolidified`
--

DROP TABLE IF EXISTS `dataSolidified`;
/*!40101 SET @saved_cs_client     = @@character_set_client */;
/*!40101 SET character_set_client = utf8 */;
CREATE TABLE `dataSolidified` (
  `id` int(11) NOT NULL AUTO_INCREMENT,
  `offer_id` int(11) DEFAULT NULL,
  `type` varchar(100) NOT NULL,
  `revenue` float DEFAULT NULL,
  `profit` float DEFAULT NULL,
  `cost` float DEFAULT NULL,
  `impressions` int(11) DEFAULT NULL,
  `clicks` int(11) DEFAULT NULL,
  `conversions` int(11) DEFAULT NULL,
  `ctr` varchar(100) DEFAULT NULL,
  `cvr` varchar(100) DEFAULT NULL,
  `cpc` varchar(100) DEFAULT NULL,
  `cpi` varchar(100) DEFAULT NULL,
  `date` varchar(100) DEFAULT NULL,
  `country` varchar(100) DEFAULT NULL,
  `rebate` float DEFAULT NULL,
  `createdTime` varchar(100) DEFAULT NULL,
  PRIMARY KEY (`id`),
  KEY `offer_id` (`offer_id`),
  CONSTRAINT `dataSolidified_ibfk_1` FOREIGN KEY (`offer_id`) REFERENCES `offer` (`id`)
) ENGINE=InnoDB DEFAULT CHARSET=utf8;
/*!40101 SET character_set_client = @saved_cs_client */;

--
-- Dumping data for table `dataSolidified`
--

LOCK TABLES `dataSolidified` WRITE;
/*!40000 ALTER TABLE `dataSolidified` DISABLE KEYS */;
/*!40000 ALTER TABLE `dataSolidified` ENABLE KEYS */;
UNLOCK TABLES;

--
-- Table structure for table `datas`
--

DROP TABLE IF EXISTS `datas`;
/*!40101 SET @saved_cs_client     = @@character_set_client */;
/*!40101 SET character_set_client = utf8 */;
CREATE TABLE `datas` (
  `id` int(11) NOT NULL AUTO_INCREMENT,
  `offer_id` int(11) DEFAULT NULL,
  `type` varchar(100) NOT NULL,
  `revenue` float DEFAULT NULL,
  `profit` float DEFAULT NULL,
  `cost` float DEFAULT NULL,
  `impressions` int(11) DEFAULT NULL,
  `clicks` int(11) DEFAULT NULL,
  `conversions` int(11) DEFAULT NULL,
  `ctr` varchar(100) DEFAULT NULL,
  `cvr` varchar(100) DEFAULT NULL,
  `cpc` varchar(100) DEFAULT NULL,
  `cpi` varchar(100) DEFAULT NULL,
  `date` varchar(100) DEFAULT NULL,
  `country` varchar(100) DEFAULT NULL,
  `rebate` float DEFAULT NULL,
  `updateTime` varchar(100) DEFAULT NULL,
  PRIMARY KEY (`id`),
  KEY `offer_id` (`offer_id`),
  CONSTRAINT `datas_ibfk_1` FOREIGN KEY (`offer_id`) REFERENCES `offer` (`id`)
) ENGINE=InnoDB AUTO_INCREMENT=203 DEFAULT CHARSET=utf8;
/*!40101 SET character_set_client = @saved_cs_client */;

--
-- Dumping data for table `datas`
--

LOCK TABLES `datas` WRITE;
/*!40000 ALTER TABLE `datas` DISABLE KEYS */;
INSERT INTO `datas` VALUES (201,29,'facebook',441.6,387.8,53.8,47522,1857,138,'15.467155','7.43','0.09','0.39','2017-03-03','TH',NULL,NULL),(202,29,'facebook',1036.8,913.6,123.2,106070,4505,324,'16.16727','7.19','0.09','0.38','2017-03-02','TH',NULL,NULL);
/*!40000 ALTER TABLE `datas` ENABLE KEYS */;
UNLOCK TABLES;

--
-- Table structure for table `history`
--

DROP TABLE IF EXISTS `history`;
/*!40101 SET @saved_cs_client     = @@character_set_client */;
/*!40101 SET character_set_client = utf8 */;
CREATE TABLE `history` (
  `id` int(11) NOT NULL AUTO_INCREMENT,
  `offer_id` int(11) DEFAULT NULL,
  `user_id` int(11) DEFAULT NULL,
  `type` varchar(100) DEFAULT NULL,
  `status` varchar(100) NOT NULL,
  `createdTime` varchar(100) NOT NULL,
  `country` varchar(100) DEFAULT NULL,
  `country_price` float DEFAULT NULL,
  `price` float DEFAULT NULL,
  `daily_budget` float DEFAULT NULL,
  `daily_type` varchar(100) DEFAULT NULL,
  `total_budget` float DEFAULT NULL,
  `total_type` varchar(100) DEFAULT NULL,
  `KPI` varchar(100) DEFAULT NULL,
  `contract_type` varchar(100) DEFAULT NULL,
  `contract_scale` float DEFAULT NULL,
  `platform` varchar(100) NOT NULL,
  `platformOffer_id` int(11) DEFAULT NULL,
  PRIMARY KEY (`id`),
  KEY `offer_id` (`offer_id`),
  KEY `user_id` (`user_id`),
  KEY `platformOffer_id` (`platformOffer_id`),
  CONSTRAINT `history_ibfk_3` FOREIGN KEY (`platformOffer_id`) REFERENCES `platformOffer` (`id`),
  CONSTRAINT `history_ibfk_1` FOREIGN KEY (`offer_id`) REFERENCES `offer` (`id`),
  CONSTRAINT `history_ibfk_2` FOREIGN KEY (`user_id`) REFERENCES `user` (`id`)
) ENGINE=InnoDB AUTO_INCREMENT=182 DEFAULT CHARSET=utf8;
/*!40101 SET character_set_client = @saved_cs_client */;

--
-- Dumping data for table `history`
--

LOCK TABLES `history` WRITE;
/*!40000 ALTER TABLE `history` DISABLE KEYS */;
INSERT INTO `history` VALUES (136,28,12,'default','active','2017-03-02 15:29:35','AF',12,121,12,'install',12,'install','12','1',12,'facebook',1),(137,28,12,'default','active','2017-03-02 15:29:35','AG',12,121,12,'install',12,'install','12','1',12,'facebook',1),(138,28,12,'default','active','2017-03-02 15:29:35','AI',12,121,12,'install',12,'install','12','1',12,'facebook',1),(139,28,12,'default','active','2017-03-02 15:29:35','AI',12,12,12,'install',12,'install','12','1',12,'adwords',2),(140,28,12,'default','active','2017-03-02 15:29:35','AL',12,12,12,'install',12,'install','12','1',12,'adwords',2),(141,28,12,'default','active','2017-03-02 15:29:35','AI',12,12,21,'install',12,'install','12','1',12,'apple',3),(142,29,11,'default','active','2017-03-02 17:54:30','AI',1.3,3.2,23,'install',34,'install','45345','1',10,'facebook',4),(143,30,14,'default','active','2017-03-02 18:16:03','AF',2.3,2.5,3454,'install',5646,'install','','2',0,'facebook',5),(144,30,14,'default','active','2017-03-02 18:16:03','AI',2.1,2.5,3454,'install',5646,'install','','2',0,'facebook',5),(145,30,14,'default','active','2017-03-02 18:16:03','AL',2.1,3,67565,'install',3454540,'install','','1',15,'adwords',6),(146,30,14,'default','active','2017-03-02 18:16:03','AF',0.2,0.5,4654,'install',657676,'install','','1',36,'apple',7),(147,30,14,'update','active','2017-03-02 18:17:39','AF',2.3,2.5,3454,'install',5646,'install','','2',0,'facebook',5),(148,30,14,'update','active','2017-03-02 18:17:39','AI',2.1,2.5,3454,'install',5646,'install','','2',0,'facebook',5),(149,30,14,'update','active','2017-03-02 18:17:39','AL',2.1,3,67565,'install',3454540,'install','','1',15,'adwords',6),(150,30,14,'update','active','2017-03-02 18:17:39','AF',0.2,0.5,4654,'install',657676,'install','','1',36,'apple',7),(151,30,14,'update','active','2017-03-02 18:22:12','AF',2.3,2.5,3454,'install',5646,'install','','2',0,'facebook',5),(152,30,14,'update','active','2017-03-02 18:22:12','AI',2.1,2.5,3454,'install',5646,'install','','2',0,'facebook',5),(153,30,14,'update','active','2017-03-02 18:22:12','AL',2.1,3,67565,'install',3454540,'install','','1',15,'adwords',6),(154,30,14,'update','active','2017-03-02 18:22:12','AF',0.2,0.5,4654,'install',657676,'install','','1',36,'apple',7),(155,31,11,'default','active','2017-03-02 18:26:56','AI',1.3,3.2,23,'install',34,'install','45345','1',10,'facebook',8),(156,31,11,'update','deleted','2017-03-02 18:30:12',NULL,0,3.2,23,'install',34,'install','45345','1',10,'facebook',8),(157,30,14,'update','active','2017-03-02 18:36:14','AF',2.3,2.5,3454,'install',5646,'install','','2',0,'facebook',5),(158,30,14,'update','active','2017-03-02 18:36:14','AI',2.1,2.5,3454,'install',5646,'install','','2',0,'facebook',5),(159,30,14,'update','active','2017-03-02 18:36:14','AL',2.1,3,67565,'install',3454540,'install','','1',15,'adwords',6),(160,30,14,'update','active','2017-03-02 18:36:15','AF',0.2,0.5,4654,'install',657676,'install','','1',36,'apple',7),(161,29,11,'update','active','2017-03-03 14:38:25','AI',1.3,3.2,23,'install',34,'install','45345','2',0,'facebook',4),(162,29,11,'update','active','2017-03-03 14:40:55','AI',1.3,3.2,23,'install',34,'install','45345','2',0,'facebook',4),(163,29,11,'update','active','2017-03-03 15:08:54','TH',0.4,3.2,23,'install',34,'install','45345','2',0,'facebook',4),(164,29,11,'update','active','2017-03-03 18:34:00','TH',0.4,3.2,23,'install',34,'install','45345','2',0,'facebook',4),(165,32,11,'default','active','2017-03-03 19:44:26','AI',1.3,3.2,23,'install',34,'install','45345','1',10,'facebook',9),(166,32,11,'default','active','2017-03-03 19:44:26','AI',1.3,3.2,23,'install',34,'install','45345','2',0,'facebook',9),(167,32,11,'default','active','2017-03-03 19:44:26','AI',1.3,3.2,23,'install',34,'install','45345','2',0,'facebook',9),(168,32,11,'default','active','2017-03-03 19:44:26','TH',0.4,3.2,23,'install',34,'install','45345','2',0,'facebook',9),(169,32,11,'default','active','2017-03-03 19:44:26','TH',0.4,3.2,23,'install',34,'install','45345','2',0,'facebook',9),(170,33,11,'default','active','2017-03-06 10:01:11','AU',0.95,0,500,'cost',0,'install','45%','2',0,'facebook',10),(171,33,11,'default','active','2017-03-06 10:01:11','CA',0.95,0,500,'cost',0,'install','45%','2',0,'facebook',10),(172,33,11,'default','active','2017-03-06 10:01:11','US',1.2,0,500,'cost',0,'install','45%','2',0,'facebook',10),(173,33,11,'default','active','2017-03-06 10:01:11','GB',0.9,0,500,'cost',0,'install','45%','2',0,'facebook',10),(174,33,11,'default','active','2017-03-06 10:01:11','US',1.2,0,200,'cost',0,'install','45%','1',10,'apple',11),(175,32,11,'update','active','2017-03-06 10:46:39','TH',0.4,3.2,23,'install',34,'install','45345','2',0,'facebook',9),(176,33,11,'update','active','2017-03-09 10:16:49','AU',0.95,0,500,'cost',0,'install','45%','2',0,'facebook',10),(177,33,11,'update','active','2017-03-09 10:16:49','CA',0.95,0,500,'cost',0,'install','45%','2',0,'facebook',10),(178,33,11,'update','active','2017-03-09 10:16:49','US',1.2,0,500,'cost',0,'install','45%','2',0,'facebook',10),(179,33,11,'update','active','2017-03-09 10:16:49','GB',0.9,0,500,'cost',0,'install','45%','2',0,'facebook',10),(180,33,11,'update','active','2017-03-09 10:16:49','US',1.2,0,200,'cost',0,'install','45%','1',10,'apple',11),(181,34,11,'default','inactive','2017-03-27 11:39:19','US',1,1,200,'install',3000,'install','','2',0,'facebook',12);
/*!40000 ALTER TABLE `history` ENABLE KEYS */;
UNLOCK TABLES;

--
-- Table structure for table `offer`
--

DROP TABLE IF EXISTS `offer`;
/*!40101 SET @saved_cs_client     = @@character_set_client */;
/*!40101 SET character_set_client = utf8 */;
CREATE TABLE `offer` (
  `id` int(11) NOT NULL AUTO_INCREMENT,
  `user_id` int(11) DEFAULT NULL,
  `customer_id` int(11) DEFAULT NULL,
  `status` varchar(100) DEFAULT NULL,
  `contract_num` varchar(100) NOT NULL,
  `os` varchar(100) DEFAULT NULL,
  `package_name` varchar(1000) DEFAULT NULL,
  `app_name` varchar(1000) DEFAULT NULL,
  `app_type` varchar(100) DEFAULT NULL,
  `preview_link` varchar(1000) DEFAULT NULL,
  `track_link` varchar(1000) DEFAULT NULL,
  `platform` varchar(100) NOT NULL,
  `email_time` varchar(100) DEFAULT NULL,
  `email_users` varchar(500) DEFAULT NULL,
  `email_template` varchar(100) DEFAULT NULL,
  `createdTime` varchar(100) NOT NULL,
  `updateTime` varchar(100) NOT NULL,
  PRIMARY KEY (`id`),
  KEY `customer_id` (`customer_id`),
  KEY `user_id` (`user_id`),
  CONSTRAINT `offer_ibfk_1` FOREIGN KEY (`customer_id`) REFERENCES `customers` (`id`),
  CONSTRAINT `offer_ibfk_2` FOREIGN KEY (`user_id`) REFERENCES `user` (`id`)
) ENGINE=InnoDB AUTO_INCREMENT=35 DEFAULT CHARSET=utf8;
/*!40101 SET character_set_client = @saved_cs_client */;

--
-- Dumping data for table `offer`
--

LOCK TABLES `offer` WRITE;
/*!40000 ALTER TABLE `offer` DISABLE KEYS */;
INSERT INTO `offer` VALUES (28,12,6,'active','','iOS','','APP ','APP ','Preview Link','Tracking Link','Facebook,Adwords,Apple','05:30','11@qq.com','0,1,2,3,4,5,6,7,8,9,10,11,12,13,14','2017-03-02 15:29:35','2017-03-02 15:29:35'),(29,11,1,'active','1213','Android','34343','wer','qweq','erewr','wrwer','Facebook','00:00','',',Optimization,Date,Impression,GEO,CVR,Revenue,Profit,Clicks,Conversions,CPC,CPA,Cost,CTR,Source','2017-03-02 17:54:30','2017-03-03 18:34:00'),(30,14,11,'active','231456','iOS','iosios','lalalalala','','hahahah','kakakakak','Facebook,Adwords,Apple','00:00','','Optimization,Impression,CVR,Conversions,CTR','2017-03-02 18:16:03','2017-03-02 18:36:14'),(31,11,6,'deleted','1213','Android','34343','wer','qweq','erewr','wrwer','Facebook','00:00','','0,1,2,3,4,5,6,7,8,9,10,11,12,13,14','2017-03-02 18:26:56','2017-03-02 18:26:56'),(32,11,1,'active','1213','Android','34343','wer','qweq','erewr','wrwer','Facebook','00:00','',',Optimization,Date,Impression,GEO,CVR,Revenue,Profit,Clicks,Conversions,CPC,CPA,Cost,CTR,Source','2017-03-03 19:44:26','2017-03-06 10:46:39'),(33,11,6,'active','20160121','iOS','id1137536750','Yummy Cookie','','https://itunes.apple.com/US/app/id1137536750','','Facebook,Apple','18:30','liuyuan@newborntown.com',',Optimization,Date,Impression,GEO,CVR,Revenue,Profit,Clicks,Conversions,CPC,CPA,Cost,CTR,Source','2017-03-06 10:01:11','2017-03-09 10:16:49'),(34,11,11,'inactive','nbt-1213','Android','nbt nby','solo-http','','http://aasdss','http:/sdsds','Facebook','00:00','pm@newbotn-town.com,sales@newborn-town.com','Date,Conversions','2017-03-27 11:39:19','2017-03-27 11:39:19');
/*!40000 ALTER TABLE `offer` ENABLE KEYS */;
UNLOCK TABLES;

--
-- Table structure for table `permissions`
--

DROP TABLE IF EXISTS `permissions`;
/*!40101 SET @saved_cs_client     = @@character_set_client */;
/*!40101 SET character_set_client = utf8 */;
CREATE TABLE `permissions` (
  `id` int(11) NOT NULL AUTO_INCREMENT,
  `name` varchar(100) NOT NULL,
  PRIMARY KEY (`id`)
) ENGINE=InnoDB AUTO_INCREMENT=35 DEFAULT CHARSET=utf8;
/*!40101 SET character_set_client = @saved_cs_client */;

--
-- Dumping data for table `permissions`
--

LOCK TABLES `permissions` WRITE;
/*!40000 ALTER TABLE `permissions` DISABLE KEYS */;
INSERT INTO `permissions` VALUES (11,'dashboard_create'),(12,'dashboard_delete'),(13,'dashboard_edit'),(14,'dashboard_query'),(15,'report_create'),(16,'report_delete'),(17,'report_edit'),(18,'report_query'),(19,'offer_create'),(20,'offer_delete'),(21,'offer_edit'),(22,'offer_query'),(23,'advertiser_create'),(24,'advertiser_delete'),(25,'advertiser_edit'),(26,'advertiser_query'),(27,'manager_create'),(28,'manager_delete'),(29,'manager_edit'),(30,'manager_query'),(31,'bind_create'),(32,'bind_delete'),(33,'bind_edit'),(34,'bind_query');
/*!40000 ALTER TABLE `permissions` ENABLE KEYS */;
UNLOCK TABLES;

--
-- Table structure for table `platformOffer`
--

DROP TABLE IF EXISTS `platformOffer`;
/*!40101 SET @saved_cs_client     = @@character_set_client */;
/*!40101 SET character_set_client = utf8 */;
CREATE TABLE `platformOffer` (
  `id` int(11) NOT NULL AUTO_INCREMENT,
  `offer_id` int(11) DEFAULT NULL,
  `platform` varchar(100) NOT NULL,
  `contract_type` varchar(100) NOT NULL,
  `contract_scale` float DEFAULT NULL,
  `material` varchar(100) DEFAULT NULL,
  `startTime` varchar(100) NOT NULL,
  `endTime` varchar(100) NOT NULL,
  `country` varchar(500) NOT NULL,
  `price` float DEFAULT NULL,
  `daily_budget` float DEFAULT NULL,
  `daily_type` varchar(100) DEFAULT NULL,
  `total_budget` float DEFAULT NULL,
  `total_type` varchar(100) DEFAULT NULL,
  `distribution` varchar(100) DEFAULT NULL,
  `authorized` varchar(500) DEFAULT NULL,
  `named_rule` varchar(1000) DEFAULT NULL,
  `KPI` varchar(1000) DEFAULT NULL,
  `settlement` varchar(1000) DEFAULT NULL,
  `period` varchar(1000) DEFAULT NULL,
  `remark` varchar(1000) DEFAULT NULL,
  `createdTime` varchar(100) NOT NULL,
  `updateTime` varchar(100) NOT NULL,
  PRIMARY KEY (`id`),
  KEY `offer_id` (`offer_id`),
  CONSTRAINT `platformOffer_ibfk_1` FOREIGN KEY (`offer_id`) REFERENCES `offer` (`id`)
) ENGINE=InnoDB AUTO_INCREMENT=13 DEFAULT CHARSET=utf8;
/*!40101 SET character_set_client = @saved_cs_client */;

--
-- Dumping data for table `platformOffer`
--

LOCK TABLES `platformOffer` WRITE;
/*!40000 ALTER TABLE `platformOffer` DISABLE KEYS */;
INSERT INTO `platformOffer` VALUES (1,28,'facebook','1',12,'yes','2017-03-02','2017-03-02','AF,AG,AI',121,12,'install',12,'install','12','12','21','12','12','12','12','2017-03-02 15:29:35','2017-03-02 15:29:35'),(2,28,'adwords','1',12,'yes','2017-03-02','2017-03-02','AI,AL',12,12,'install',12,'install','21','12','12','12','21','21','12','2017-03-02 15:29:35','2017-03-02 15:29:35'),(3,28,'apple','1',12,'yes','2017-03-02','2017-03-02','AI',12,21,'install',12,'install','12','12','12','12','12','12','12','2017-03-02 15:29:35','2017-03-02 15:29:35'),(4,29,'facebook','2',0,'yes','2017-03-02','2017-03-08','TH',3.2,23,'install',34,'install','324','4546','2423','45345','23525','4546','2342','2017-03-02 17:54:30','2017-03-03 18:34:00'),(5,30,'facebook','2',0,'yes','2017-03-02','2017-03-24','AF,AI',2.5,3454,'install',5646,'install','111','i  iu ','','','','','','2017-03-02 18:16:03','2017-03-02 18:36:14'),(6,30,'adwords','1',15,'yes','2017-03-02','2017-03-28','AL',3,67565,'install',3454540,'install','222','3242','','','','','','2017-03-02 18:16:03','2017-03-02 18:36:14'),(7,30,'apple','1',36,'yes','2017-03-02','2047-03-02','AF',0.5,4654,'install',657676,'install','333','','','','','','','2017-03-02 18:16:03','2017-03-02 18:36:15'),(8,31,'facebook','1',10,'yes','2017-03-02','2017-03-08','AI',3.2,23,'install',34,'install','324','4546','2423','45345','23525','4546','2342','2017-03-02 18:26:56','2017-03-02 18:26:56'),(9,32,'facebook','2',0,'yes','2017-03-02','2017-03-08','TH',3.2,23,'install',34,'install','324','12542,1522','2423','45345','23525','4546','2342','2017-03-03 19:44:26','2017-03-06 10:46:39'),(10,33,'facebook','2',0,'yes','2017-03-01','2047-03-06','AU,CA,US,GB',0,500,'cost',0,'install','','14-14_CST-MadH-QianJ-Yummy Cookie_1','','45%','FB',' net 30','','2017-03-06 10:01:11','2017-03-09 10:16:49'),(11,33,'apple','1',10,'yes','2017-03-01','2047-03-06','US',0,200,'cost',0,'install','','','','45%','APP store',' net 30','','2017-03-06 10:01:11','2017-03-09 10:16:49'),(12,34,'facebook','2',0,'yes','2017-03-27','2047-03-27','US',1,200,'install',3000,'install','','','','','','','','2017-03-27 11:39:19','2017-03-27 11:39:19');
/*!40000 ALTER TABLE `platformOffer` ENABLE KEYS */;
UNLOCK TABLES;

--
-- Table structure for table `rebate`
--

DROP TABLE IF EXISTS `rebate`;
/*!40101 SET @saved_cs_client     = @@character_set_client */;
/*!40101 SET character_set_client = utf8 */;
CREATE TABLE `rebate` (
  `id` int(11) NOT NULL AUTO_INCREMENT,
  `accountId` varchar(100) DEFAULT NULL,
  `scale` float DEFAULT NULL,
  PRIMARY KEY (`id`)
) ENGINE=InnoDB AUTO_INCREMENT=3 DEFAULT CHARSET=utf8;
/*!40101 SET character_set_client = @saved_cs_client */;

--
-- Dumping data for table `rebate`
--

LOCK TABLES `rebate` WRITE;
/*!40000 ALTER TABLE `rebate` DISABLE KEYS */;
INSERT INTO `rebate` VALUES (1,'1212',1212),(2,'22',3);
/*!40000 ALTER TABLE `rebate` ENABLE KEYS */;
UNLOCK TABLES;

--
-- Table structure for table `role`
--

DROP TABLE IF EXISTS `role`;
/*!40101 SET @saved_cs_client     = @@character_set_client */;
/*!40101 SET character_set_client = utf8 */;
CREATE TABLE `role` (
  `id` int(11) NOT NULL AUTO_INCREMENT,
  `name` varchar(100) NOT NULL,
  `last_datetime` datetime DEFAULT NULL,
  PRIMARY KEY (`id`),
  UNIQUE KEY `name` (`name`)
) ENGINE=InnoDB AUTO_INCREMENT=9 DEFAULT CHARSET=utf8;
/*!40101 SET character_set_client = @saved_cs_client */;

--
-- Dumping data for table `role`
--

LOCK TABLES `role` WRITE;
/*!40000 ALTER TABLE `role` DISABLE KEYS */;
INSERT INTO `role` VALUES (1,'report','2017-01-09 06:46:18'),(2,'advertiser','2017-01-09 06:46:18'),(3,'dashboard','2017-01-09 06:46:18'),(4,'offer','2017-01-09 06:46:18'),(5,'testadmin','2017-01-10 01:49:46'),(6,'4','2017-01-10 02:16:29'),(7,'PM','2017-01-12 06:12:40'),(8,'Sales','2017-01-13 08:27:09');
/*!40000 ALTER TABLE `role` ENABLE KEYS */;
UNLOCK TABLES;

--
-- Table structure for table `role_permissions`
--

DROP TABLE IF EXISTS `role_permissions`;
/*!40101 SET @saved_cs_client     = @@character_set_client */;
/*!40101 SET character_set_client = utf8 */;
CREATE TABLE `role_permissions` (
  `id` int(11) NOT NULL AUTO_INCREMENT,
  `role_id` int(11) DEFAULT NULL,
  `permissions_id` varchar(100) NOT NULL,
  PRIMARY KEY (`id`)
) ENGINE=InnoDB AUTO_INCREMENT=9 DEFAULT CHARSET=utf8;
/*!40101 SET character_set_client = @saved_cs_client */;

--
-- Dumping data for table `role_permissions`
--

LOCK TABLES `role_permissions` WRITE;
/*!40000 ALTER TABLE `role_permissions` DISABLE KEYS */;
INSERT INTO `role_permissions` VALUES (1,1,'17,18,15,16'),(2,2,'25,26,23,24'),(3,3,'13,14,11,12'),(4,4,'21,22,19,20'),(5,5,'17,18,15,16,25,26,23,24,13,14,11,12,21,22,19,20'),(6,6,'25'),(7,7,'26,22,34,30,14,18'),(8,8,'26,21,22,19,20,34,30,14,18');
/*!40000 ALTER TABLE `role_permissions` ENABLE KEYS */;
UNLOCK TABLES;

--
-- Table structure for table `timePrice`
--

DROP TABLE IF EXISTS `timePrice`;
/*!40101 SET @saved_cs_client     = @@character_set_client */;
/*!40101 SET character_set_client = utf8 */;
CREATE TABLE `timePrice` (
  `id` int(11) NOT NULL AUTO_INCREMENT,
  `offer_id` int(11) NOT NULL,
  `country_id` int(11) DEFAULT NULL,
  `date` varchar(100) NOT NULL,
  `price` float NOT NULL,
  `platform` varchar(100) NOT NULL,
  PRIMARY KEY (`id`),
  KEY `country_id` (`country_id`),
  CONSTRAINT `timePrice_ibfk_1` FOREIGN KEY (`country_id`) REFERENCES `country` (`id`)
) ENGINE=InnoDB AUTO_INCREMENT=310 DEFAULT CHARSET=utf8;
/*!40101 SET character_set_client = @saved_cs_client */;

--
-- Dumping data for table `timePrice`
--

LOCK TABLES `timePrice` WRITE;
/*!40000 ALTER TABLE `timePrice` DISABLE KEYS */;
INSERT INTO `timePrice` VALUES (154,28,197,'2016-10-01',1.5,'facebook'),(155,28,197,'2016-10-02',1,'facebook'),(156,28,197,'2016-10-03',2,'facebook'),(157,28,197,'2016-10-04',2.5,'facebook'),(158,28,197,'2016-10-05',1.2,'facebook'),(159,28,197,'2016-10-06',1.9,'facebook'),(160,28,1,'2016-10-01',1.9,'facebook'),(161,28,1,'2016-10-02',1.5,'facebook'),(162,28,1,'2016-10-03',1.9,'facebook'),(163,28,1,'2016-10-04',2,'facebook'),(164,28,1,'2016-10-05',1.9,'facebook'),(165,28,1,'2016-10-06',2.5,'facebook'),(166,28,6,'2016-10-01',1,'facebook'),(167,28,6,'2016-10-02',3,'facebook'),(168,28,6,'2016-10-03',3.2,'facebook'),(169,28,6,'2016-10-04',3.1,'facebook'),(170,28,6,'2016-10-05',1.5,'facebook'),(171,28,6,'2016-10-06',2,'facebook'),(172,28,7,'2016-10-01',8.3,'facebook'),(173,28,7,'2016-10-02',8.1,'facebook'),(174,28,7,'2016-10-03',8.6,'facebook'),(175,28,7,'2016-10-04',2.1,'facebook'),(176,28,7,'2016-10-05',1.2,'facebook'),(177,28,7,'2016-10-06',1.2,'facebook'),(178,28,11,'2016-10-01',2.5,'facebook'),(179,28,11,'2016-10-02',2.9,'facebook'),(180,28,11,'2016-10-03',2.4,'facebook'),(181,28,11,'2016-10-04',2.8,'facebook'),(182,28,11,'2016-10-05',2.7,'facebook'),(183,28,11,'2016-10-06',2.5,'facebook'),(184,1,197,'2016-10-01',1.5,'facebook'),(185,1,197,'2016-10-02',1,'facebook'),(186,1,197,'2016-10-03',2,'facebook'),(187,1,197,'2016-10-04',2.5,'facebook'),(188,1,197,'2016-10-05',1.2,'facebook'),(189,1,197,'2016-10-06',1.9,'facebook'),(190,1,1,'2016-10-01',1.9,'facebook'),(191,1,1,'2016-10-02',1.5,'facebook'),(192,1,1,'2016-10-03',1.9,'facebook'),(193,1,1,'2016-10-04',2,'facebook'),(194,1,1,'2016-10-05',1.9,'facebook'),(195,1,1,'2016-10-06',2.5,'facebook'),(196,1,6,'2016-10-01',1,'facebook'),(197,1,6,'2016-10-02',3,'facebook'),(198,1,6,'2016-10-03',3.2,'facebook'),(199,1,6,'2016-10-04',3.1,'facebook'),(200,1,6,'2016-10-05',1.5,'facebook'),(201,1,6,'2016-10-06',2,'facebook'),(202,1,7,'2016-10-01',8.3,'facebook'),(203,1,7,'2016-10-02',8.1,'facebook'),(204,1,7,'2016-10-03',8.6,'facebook'),(205,1,7,'2016-10-04',2.1,'facebook'),(206,1,7,'2016-10-05',1.2,'facebook'),(207,1,7,'2016-10-06',1.2,'facebook'),(208,1,11,'2016-10-01',2.5,'facebook'),(209,1,11,'2016-10-02',2.9,'facebook'),(210,1,11,'2016-10-03',2.4,'facebook'),(211,1,11,'2016-10-04',2.8,'facebook'),(212,1,11,'2016-10-05',2.7,'facebook'),(213,1,11,'2016-10-06',2.5,'facebook'),(214,1,197,'2016-10-01',1.5,'adwords'),(215,1,197,'2016-10-02',1,'adwords'),(216,1,197,'2016-10-03',2,'adwords'),(217,1,197,'2016-10-04',2.5,'adwords'),(218,1,197,'2016-10-05',1.2,'adwords'),(219,1,197,'2016-10-06',1.9,'adwords'),(220,1,1,'2016-10-01',1.9,'adwords'),(221,1,1,'2016-10-02',1.5,'adwords'),(222,1,1,'2016-10-03',1.9,'adwords'),(223,1,1,'2016-10-04',2,'adwords'),(224,1,1,'2016-10-05',1.9,'adwords'),(225,1,1,'2016-10-06',2.5,'adwords'),(226,1,6,'2016-10-01',1,'adwords'),(227,1,6,'2016-10-02',3,'adwords'),(228,1,6,'2016-10-03',3.2,'adwords'),(229,1,6,'2016-10-04',3.1,'adwords'),(230,1,6,'2016-10-05',1.5,'adwords'),(231,1,6,'2016-10-06',2,'adwords'),(232,1,7,'2016-10-01',8.3,'adwords'),(233,1,7,'2016-10-02',8.1,'adwords'),(234,1,7,'2016-10-03',8.6,'adwords'),(235,1,7,'2016-10-04',2.1,'adwords'),(236,1,7,'2016-10-05',1.2,'adwords'),(237,1,7,'2016-10-06',1.2,'adwords'),(238,1,11,'2016-10-01',2.5,'adwords'),(239,1,11,'2016-10-02',2.9,'adwords'),(240,1,11,'2016-10-03',2.4,'adwords'),(241,1,11,'2016-10-04',2.8,'adwords'),(242,1,11,'2016-10-05',2.7,'adwords'),(243,1,11,'2016-10-06',2.5,'adwords'),(244,1,197,'2016-10-01',1.5,'apple'),(245,1,197,'2016-10-02',1,'apple'),(246,1,197,'2016-10-03',2,'apple'),(247,1,197,'2016-10-04',2.5,'apple'),(248,1,197,'2016-10-05',1.2,'apple'),(249,1,197,'2016-10-06',1.9,'apple'),(250,1,1,'2016-10-01',1.9,'apple'),(251,1,1,'2016-10-02',1.5,'apple'),(252,1,1,'2016-10-03',1.9,'apple'),(253,1,1,'2016-10-04',2,'apple'),(254,1,1,'2016-10-05',1.9,'apple'),(255,1,1,'2016-10-06',2.5,'apple'),(256,1,6,'2016-10-01',1,'apple'),(257,1,6,'2016-10-02',3,'apple'),(258,1,6,'2016-10-03',3.2,'apple'),(259,1,6,'2016-10-04',3.1,'apple'),(260,1,6,'2016-10-05',1.5,'apple'),(261,1,6,'2016-10-06',2,'apple'),(262,1,7,'2016-10-01',8.3,'apple'),(263,1,7,'2016-10-02',8.1,'apple'),(264,1,7,'2016-10-03',8.6,'apple'),(265,1,7,'2016-10-04',2.1,'apple'),(266,1,7,'2016-10-05',1.2,'apple'),(267,1,7,'2016-10-06',1.2,'apple'),(268,1,11,'2016-10-01',2.5,'apple'),(269,1,11,'2016-10-02',2.9,'apple'),(270,1,11,'2016-10-03',2.4,'apple'),(271,1,11,'2016-10-04',2.8,'apple'),(272,1,11,'2016-10-05',2.7,'apple'),(273,1,11,'2016-10-06',2.5,'apple'),(274,29,1,'2017-03-17',22,'facebook'),(275,30,1,'2017-03-01',888,'facebook'),(276,29,154,'2017-03-01',0.1,'facebook'),(277,29,187,'2017-03-01',0.1,'facebook'),(278,32,197,'2016-10-01',1.5,'facebook'),(279,32,197,'2016-10-02',1,'facebook'),(280,32,197,'2016-10-03',2,'facebook'),(281,32,197,'2016-10-04',2.5,'facebook'),(282,32,197,'2016-10-05',1.2,'facebook'),(283,32,197,'2016-10-06',1.9,'facebook'),(284,32,1,'2016-10-01',1.9,'facebook'),(285,32,1,'2016-10-02',1.5,'facebook'),(286,32,1,'2016-10-03',1.9,'facebook'),(287,32,1,'2016-10-04',2,'facebook'),(288,32,1,'2016-10-05',1.9,'facebook'),(289,32,1,'2016-10-06',2.5,'facebook'),(290,32,6,'2016-10-01',1,'facebook'),(291,32,6,'2016-10-02',3,'facebook'),(292,32,6,'2016-10-03',3.2,'facebook'),(293,32,6,'2016-10-04',3.1,'facebook'),(294,32,6,'2016-10-05',1.5,'facebook'),(295,32,6,'2016-10-06',2,'facebook'),(296,32,7,'2016-10-01',8.3,'facebook'),(297,32,7,'2016-10-02',8.1,'facebook'),(298,32,7,'2016-10-03',8.6,'facebook'),(299,32,7,'2016-10-04',2.1,'facebook'),(300,32,7,'2016-10-05',1.2,'facebook'),(301,32,7,'2016-10-06',1.2,'facebook'),(302,32,11,'2016-10-01',2.5,'facebook'),(303,32,11,'2016-10-02',2.9,'facebook'),(304,32,11,'2016-10-03',2.4,'facebook'),(305,32,11,'2016-10-04',2.8,'facebook'),(306,32,11,'2016-10-05',2.7,'facebook'),(307,32,11,'2016-10-06',2.5,'facebook'),(308,33,197,'2017-03-09',1.35,'apple'),(309,34,2,'2017-03-01',21,'facebook');
/*!40000 ALTER TABLE `timePrice` ENABLE KEYS */;
UNLOCK TABLES;

--
-- Table structure for table `token`
--

DROP TABLE IF EXISTS `token`;
/*!40101 SET @saved_cs_client     = @@character_set_client */;
/*!40101 SET character_set_client = utf8 */;
CREATE TABLE `token` (
  `id` int(11) NOT NULL AUTO_INCREMENT,
  `account` varchar(100) NOT NULL,
  `accessToken` varchar(10000) NOT NULL,
  PRIMARY KEY (`id`)
) ENGINE=InnoDB AUTO_INCREMENT=2 DEFAULT CHARSET=utf8;
/*!40101 SET character_set_client = @saved_cs_client */;

--
-- Dumping data for table `token`
--

LOCK TABLES `token` WRITE;
/*!40000 ALTER TABLE `token` DISABLE KEYS */;
INSERT INTO `token` VALUES (1,'rongchangzhang@gmail.com','EAAHgEYXO0BABABt1QAdnb4kDVpgDv0RcA873EqcNbHFeN8IZANMyXZAU736VKOj1JjSdOPk2WuZC7KwJZBBD76CUbA09tyWETQpOd5OCRSctIo6fuj7cMthZCH6pZA6PZAFmrMgGZChehXreDa3caIZBkBwkyakDAGA4exqgy2sI7JwZDZD');
/*!40000 ALTER TABLE `token` ENABLE KEYS */;
UNLOCK TABLES;

--
-- Table structure for table `user`
--

DROP TABLE IF EXISTS `user`;
/*!40101 SET @saved_cs_client     = @@character_set_client */;
/*!40101 SET character_set_client = utf8 */;
CREATE TABLE `user` (
  `id` int(11) NOT NULL AUTO_INCREMENT,
  `name` varchar(100) NOT NULL,
  `email` varchar(100) NOT NULL,
  `passwd` varchar(100) NOT NULL,
  `phone` varchar(100) NOT NULL,
  `last_datetime` datetime DEFAULT NULL,
  `optName` varchar(100) NOT NULL,
  PRIMARY KEY (`id`),
  UNIQUE KEY `email` (`email`)
) ENGINE=InnoDB AUTO_INCREMENT=18 DEFAULT CHARSET=utf8;
/*!40101 SET character_set_client = @saved_cs_client */;

--
-- Dumping data for table `user`
--

LOCK TABLES `user` WRITE;
/*!40000 ALTER TABLE `user` DISABLE KEYS */;
INSERT INTO `user` VALUES (1,'admin','admin@newborn-town.com','MTIzNDU2\n','15701158992','2017-03-28 03:46:18','WDW66'),(2,'report','report','cmVwb3J0\n','','2017-01-09 06:46:18',''),(3,'advertiser','advertiser','YWR2ZXJ0aXNlcg==\n','','2017-01-09 06:46:18',''),(4,'','liyin@newborn-town.com','MTIzNDU2\n','124512541','2017-01-11 10:32:24',''),(5,'qwer','qwer','cXdlcg==\n','','2017-01-10 01:49:46',''),(6,'qwer1','qwer1','cXdlcjE=\n','','2017-01-11 03:07:24',''),(7,'qwer2','qwer2','cXdlcjI=\n','','2017-01-17 02:56:47',''),(8,'qwer3','qwer3','cXdlcjM=\n','','2017-01-10 02:48:18',''),(9,'caicai','caicai@qq.com','MTIzNDU2\n','123456','2017-01-11 10:12:59',''),(10,'','chizicheng@newborn-town.com','Y2hpemljaGVuZzUyMQ==\n','','2017-01-12 06:12:40',''),(11,'','liusanjin@qq.com','MTIzNDU2\n','','2017-01-13 08:27:09',''),(12,'','dajin@qq.com','MTIzNDU2\n','','2017-01-13 09:48:05',''),(13,'yoyo','yoyo','MTIzNDU2\n','','2017-02-27 01:25:23',''),(14,'yangyang','yangyang','MTIzNDU2\n','','2017-02-27 06:04:24',''),(15,'112','12@qq.com','MTIxMg==\n','12','2017-03-18 08:29:17','OYGD66'),(16,'12','1!@qq.com','MTI=\n','12','2017-03-18 08:29:17','DJZ66'),(17,'wangxuezhi','wangxuezhi@newborntown.com','MTIzNDU2\n','','2017-03-28 03:47:50','');
/*!40000 ALTER TABLE `user` ENABLE KEYS */;
UNLOCK TABLES;

--
-- Table structure for table `user_permissions`
--

DROP TABLE IF EXISTS `user_permissions`;
/*!40101 SET @saved_cs_client     = @@character_set_client */;
/*!40101 SET character_set_client = utf8 */;
CREATE TABLE `user_permissions` (
  `id` int(11) NOT NULL AUTO_INCREMENT,
  `user_id` int(11) DEFAULT NULL,
  `permissions_id` varchar(100) NOT NULL,
  PRIMARY KEY (`id`)
) ENGINE=InnoDB AUTO_INCREMENT=18 DEFAULT CHARSET=utf8;
/*!40101 SET character_set_client = @saved_cs_client */;

--
-- Dumping data for table `user_permissions`
--

LOCK TABLES `user_permissions` WRITE;
/*!40000 ALTER TABLE `user_permissions` DISABLE KEYS */;
INSERT INTO `user_permissions` VALUES (1,1,'25,26,23,24,21,22,19,20,33,34,31,32,29,30,27,28,13,14,11,12,17,18,15,16'),(2,2,'17,15,16'),(3,3,'25,26,23,24'),(4,4,'21,22,19,20,13,14,11,12,17,18,15,16'),(5,5,'17,18,15,16,25,26,23,24,13,14,11,12,21,22,19,20'),(6,6,'17,18,15,16,25,26,23,24,13,14,11,12,21,22,19,20'),(7,7,'17,18,15,16,25,26,23,24,13,14,11,12,21,22,19,20'),(8,8,'17,18,15,16,25,26,23,24,13,14,11,12,21,22,19,20'),(9,9,'18,26,23,22,19'),(10,10,'25,26,23,24,21,22,19,20,13,14,11,12,17,18,15,16'),(11,11,'26,21,22,19,20,34,30,14,18'),(12,12,'26,21,22,19,20,34,30,14,18'),(13,13,'25,26,23,24,21,22,19,20,33,34,31,32,29,30,27,28,13,14,11,12,17,18,15,16'),(14,14,'21,22,19,20,33,34,31,32,17,18,15,16'),(15,15,'17,18,15,16'),(16,16,'25,26,23,24,21,22,19,20,13,14,11,12,17,18,15,16'),(17,17,'25,26,23,24,21,22,19,20,33,34,31,32,29,30,27,28,13,14,11,12,17,18,15,16');
/*!40000 ALTER TABLE `user_permissions` ENABLE KEYS */;
UNLOCK TABLES;

--
-- Table structure for table `user_role`
--

DROP TABLE IF EXISTS `user_role`;
/*!40101 SET @saved_cs_client     = @@character_set_client */;
/*!40101 SET character_set_client = utf8 */;
CREATE TABLE `user_role` (
  `id` int(11) NOT NULL AUTO_INCREMENT,
  `user_id` int(11) DEFAULT NULL,
  `role_id` varchar(100) NOT NULL,
  PRIMARY KEY (`id`)
) ENGINE=InnoDB AUTO_INCREMENT=18 DEFAULT CHARSET=utf8;
/*!40101 SET character_set_client = @saved_cs_client */;

--
-- Dumping data for table `user_role`
--

LOCK TABLES `user_role` WRITE;
/*!40000 ALTER TABLE `user_role` DISABLE KEYS */;
INSERT INTO `user_role` VALUES (1,1,'1,2,3,4'),(2,2,'1'),(3,3,'2'),(4,4,'4'),(5,5,'5'),(6,6,'5'),(7,7,'5'),(8,8,'5'),(9,9,'1,2,3,4'),(10,10,'5'),(11,11,'8'),(12,12,'8'),(13,13,'5'),(14,14,'1,2,3,4,8'),(15,15,'1'),(16,16,'5'),(17,17,'5');
/*!40000 ALTER TABLE `user_role` ENABLE KEYS */;
UNLOCK TABLES;
/*!40103 SET TIME_ZONE=@OLD_TIME_ZONE */;

/*!40101 SET SQL_MODE=@OLD_SQL_MODE */;
/*!40014 SET FOREIGN_KEY_CHECKS=@OLD_FOREIGN_KEY_CHECKS */;
/*!40014 SET UNIQUE_CHECKS=@OLD_UNIQUE_CHECKS */;
/*!40101 SET CHARACTER_SET_CLIENT=@OLD_CHARACTER_SET_CLIENT */;
/*!40101 SET CHARACTER_SET_RESULTS=@OLD_CHARACTER_SET_RESULTS */;
/*!40101 SET COLLATION_CONNECTION=@OLD_COLLATION_CONNECTION */;
/*!40111 SET SQL_NOTES=@OLD_SQL_NOTES */;

-- Dump completed on 2017-03-28  3:55:08
